,Country,Year,Total inland transport infrastructure investment,Rail infrastructure maintenance,Road casualties (injured + killed),Road injury accident,Total inland passenger transport,Road passenger transport,Total inland freight transport in tonne-km per one thousand units of current USD GDP,Road motor vehicles per one million units of current USD GDP,Road fatalities per one million inhabitant,CO2 emissions from transport in tonnes per one million units of current USD GDP,Total inland transport infrastructure capital value,Road traffic in vehicle-km per one thousand units of current USD GDP,Density of road (km per one hundred sq. km),Share of household expenditure for purchase of vehicles in total household expenditure for transport,Total passengers - Number (1 000),Total injury accidents - Number at 31.12 (Unit),Total of train movements - Train-km [IV-07] (1 000),Total Lines - Length operated at 31.12 (km),Total Tracks - Length operated at 31.12 (km),Total mopeds - Number at 31.12 (Unit),Total motorways - Length operated at 31.12 (km),Killed,Total passengers - Passenger-km (millions),Total oil pipeline transport - Tonnes (1 000),Total vehicle movements - Vehicle-km (millions),Total gas pipelines - length at 31.12 - km,Killed - rate per population,Total Locomotives - Number at 31.12,Total pipelines operated - Length at 31.12 (km),Total transported - Tonnes (1000),Total goods - Tonnes (1 000),Total inland waterways - Length at 31.12 (km),Total railway enterprises - Number at 31.12,Total new mopeds - Number at 31.12 (Unit),Total self-propelled vessels - Number at 31.12 (Units),Total expenditures in road transport vehicles - Million national currency (current prices),Total expenditure in inland waterway vessels - Million national currency (current prices)
0,Albania,2000,,,,,,,,,,,,,,,,,,,,,,,,,,,,,,,,,,,,,
1,Armenia,2000,110 421 157,3 838 572,620,428,5 424,(E) 5 299,630.5,..,90.6,421.9,65 308 511,,2.9,,,,,,,,,,,,,,,,,,,,,,,,
2,Australia,2000,109 000 161,5 705 714,547,400,5 508,(E) 5 370,574.5,..,97.1,393.9,67 409 940,,2.5,,,,,,,,,,,,,,,,,,,,,,,,
3,Austria,2000,70 095 912,6 824 432,478,328,6 188,(E) 6 065,546.4,..,81.9,406.9,65 448 043,481.6,1.5,30.4,,,,,,,,,,,,,,,,,,,,,,,
4,Azerbaijan,2000,61 524 588,5 767 021,510,363,6 600,(E) 6 495,461.9,..,85.5,345.6,69 982 401,521.4,1.2,30.5,,,,,,,,,,,,,,,,,,,,,,,
5,Belarus,2000,93 169 404,6 829 499,1 110,801,6 570,(E) 6 481,395.4,..,104.1,321.4,75 367 281,469.0,1.6,30.5,,,,,,,,,,,,,,,,,,,,,,,
6,Belgium,2000,70 617 602,7 110 073,1 180,850,6 998,(E) 6 925,402.8,..,102.3,295.7,77 486 110,404.3,1.1,30.4,,,,,,,,,,,,,,,,,,,,,,,
7,Bulgaria,2000,176 588 443,5 670 979,1 342,1 015,7 430,(E) 7 350,376.3,..,92.6,216.3,78 183 142,342.3,2.5,28.1,,,,,,,,,,,,,,,,,,,,,,,
8,Canada,2000,253 972 744,6 046 008,1 728,1 254,7 091,(E) 7 040,341.2,..,129.3,197.1,73 610 954,311.5,3.3,26.4,,,,,,,,,,,,,,,,,,,,,,,
9,China,2000,501 577 842,8 056 200,1 554,1 208,6 478,(E) 6 437,322.5,..,102.8,177.9,74 143 102,293.0,5.7,25.5,,,,,,,,,,,,,,,,,,,,,,,
10,Croatia,2000,487 110 094,8 741 100,1 833,1 465,7 402,(E) 7 370,373.4,..,129.1,192.1,68 876 841,245.7,5.6,24.6,,,,,,,,,,,,,,,,,,,,,,,
11,Czech Republic,2000,242 449 465,6 892 680,2 069,1 564,7 924,(E) 7 905,393.6,..,121.2,187.9,66 101 452,227.9,2.7,20.7,..,..,..,..,..,..,..,,,,,,,..,,,,,..,,,,
12,Denmark,2000,211 073 671,7 682 922,2 472,1 876,7 998,(E) 7 980,(B) 299.1,..,110.8,182.7,64 862 962,229.4,2.3,21.3,..,..,..,..,..,..,..,,..,,,..,,..,,..,,,..,,,,
13,Estonia,2000,181 381 938,6 652 853,2 569,1 870,7 653,(E) 7 637,263.6,..,115.2,183.6,415 929 159,191.7,1.9,19.8,..,..,..,..,..,..,..,1 350,..,,,..,6.1,..,,..,,,..,,,,
14,Finland,2000,234 855 224,8 745 595,2 798,2 075,8 662,(E) 8 650,275.5,..,101.9,193.0,412 190 519,159.1,2.4,19.5,..,..,..,..,1 000,..,1 000,1 277,2 611,32 393,75 957,1 615,5.7,..,1 214,1 782,11 052,351,..,,,588,21
15,France,2000,193 433 093,15 262 572,2 617,1 914,..,..,..,..,91.4,187.4,374 261 702,152.1,1.9,20.8,..,..,..,..,..,..,..,1 299,2 599,32 876,77 258,1 608,5.7,..,1 214,1 710,9 943,351,..,,,571,9
16,Georgia,2000,179 805 597,8 374 520,2 692,1 992,..,..,..,..,93.7,215.2,374 906 502,(E) 161.5,1.8,20.4,..,..,..,..,..,..,..,1 185,2 536,31 772,77 178,1 594,5.1,..,1 214,1 706,10 714,351,..,,..,550,14
17,Germany,2000,89 140 344,13 004 791,2 779,2 033,..,..,..,151.6,93.5,194.1,381 391 352,(E) 168.9,0.8,21.3,89,2 032,199,334,334,36 096,(M) ..,1 151,2 396,39 262,78 107,1 596,4.9,38,1 214,1 646,10 710,351,1,17 055,..,537,30
18,Greece,2000,159 039 587,13 593 700,2 611,1 978,..,..,..,146.9,77.3,177.6,616 210 488,(E) 203.5,1.4,22.9,66,1 978,198,334,334,31 399,(M) ..,1 205,2 437,38 620,80 604,1 587,5.1,38,1 214,1 606,10 122,351,1,15 281,1,1 158,6
19,Hungary,2000,169 584 097,13 444 559,2 291,1 718,..,..,..,160.5,74.3,145.7,647 745 508,(E) 206.5,1.3,22.7,76,1 718,330,334,334,33 663,(M) ..,1 295,2 403,39 243,82 622,1 587,5.4,34,1 214,..,8 599,351,1,13 854,1,..,..
20,Iceland,2000,176 958 861,13 050 669,2 044,1 498,..,..,..,175.0,79.5,143.1,666 055 738,(E) 192.7,1.3,21.7,..,..,162 133,..,..,277 077,1 719,1 223,..,40 541,85 014,1 587,(p) 5.0,1 272,1 214,..,9 071,351,..,13 813,1,(E) 425,(E) 6
21,India,2000,193 777 446,9 058 683,1 598,1 234,..,..,..,..,63.8,71.8,659 021 970,(E) 190.7,1.5,20.4,290 583,37 402,165 077,5 527,..,275 912,1 743,1 135,94 757,39 941,86 854,509,(p) 4.5,1 258,1 214,36 351,9 620,351,43,15 862,1,..,..
22,Ireland,2000,..,..,..,..,..,..,..,571.8,..,73.2,..,(E) 193.0,..,21.2,309 534,36 846,171 694,5 526,..,274 394,1 743,(p) 1 187,..,39 448,..,509,(p) 4.7,1 206,1 214,34 813,7 202,351,44,12 101,1,(E) 435,6
23,Italy,2000,..,752 000 000,..,35 736,..,..,..,571.5,42.5,56.3,(E) 3 260 242 618,..,..,..,2 841,1 817,..,2 133,2 133,..,19 176,(p) 1 094,25 276,45 241,..,3 915,..,..,1 523,16 911,2 019,2 115,1,..,1,713 758,6
24,Japan,2000,2 553 700 000,791 000 000,38 074,30 670,26 494,25 950,113.2,565.1,38.6,172.4,(E) 3 246 753 247,..,0.7,29.1,79 857,3 399,72 503,5 459,5 459,..,(M) ..,344,12 400,75 145,..,2 645,3.9,763,4 030,12 155,2 195,1 889,1,..,1,741,2
25,Korea,2000,757 653 850,52 056 489,2 106,1 587,17 146,16 974,1 743.2,..,68.8,183.2,(E) 4 514 066 496,..,2.0,27.6,21 203,38 455,..,4 030,5 468,167 389,..,604,..,13 240,..,2 765,5.3,..,571,13 475,204 782,470,9,42 320,..,660,..
26,Latvia,2000,..,213 000 000,4 307,3 599,..,..,2 042.6,..,61.2,46.9,..,..,..,27.7,21 338,6 684,..,4 030,5 470,80 813,757,644,8 018,11 213,1 427,2 765,5.6,..,571,11 951,15 462,470,..,3 562,34,..,..
27,Lithuania,2000,..,..,37 112,30 232,..,..,..,509.6,43.2,138.9,..,..,..,(P) 30.1,..,..,19 764,..,..,87 507,1 310,499,31 455,..,21 920,2 693,4.3,..,610,2 073,..,1 017,..,2 705,23,764,..
28,Luxembourg,2000,697 412 823,525 104 816,7 584,5 710,6 103,..,557.9,..,66.8,110.0,2 239 492 791,(E) 229.4,1.1,13.8,19 832,10 939,21 014,2 604,3 942,85 121,1 310,(p) 1 762,31 862,7 747,22 750,2 693,(p) 4.7,285,610,2 445,6 221,1 017,8,2 581,22,623,..
29,Malta,2000,..,..,..,..,..,..,..,..,..,63.1,283 100 000,..,..,49.3,20 271,10 450,20 103,2 604,3 940,83 362,1 310,(e) 1 746,30 962,8 551,23 440,2 693,(e) 4.6,300,610,2 238,5 182,1 017,9,3 381,19,832,..
30,Mexico,2000,749 209 355 737,256 800 841,..,..,(E) 99 207,(E) 88 921,..,424.3,73.1,107.2,280 800 000,399.7,5.8,25.2,189 536,21 889,169 196,9 572,15 488,484 691,1 252,658,(E) 94 193,13 839,56 401,1 802,6.2,1 999,642,3 645,390,720,49,15 376,39,824,..
31,Moldova,2000,568 157 699,238 777 459,10 272,7 710,(E) 102 657,(E) 91 726,327.9,..,58.6,75.4,273 000 000,354.7,1.1,(P) 20.8,193 122,2 964,65 697,1 987,2 141,38 404,1 329,617,74 934,6 063,(E) 10 811,1 768,5.8,122,330,3 016,..,..,8,5 571,..,858,..
32,"Montenegro, Republic of",2000,2 819 716 127,883 823 780,23 205,18 419,(E) 81 045,(E) 74 380,299.9,553.8,48.4,34.8,277 987 000,213.5,1.3,42.3,7 759,1 469,7 228,1 161,2 140,19 909,154,517,76 002,..,(E) 11 197,..,4.8,276,..,..,..,..,8,664,..,901,..
33,Netherlands,2000,..,..,..,..,..,..,..,454.8,..,76.6,294 945 000,..,..,..,87 502,(P) 4 287,50 513,5 926,8 525,337 671,926,163,75 961,..,51 597,1 193,2.8,390,..,1 803,580,8 132,3,4 927,189,944,..
34,New Zealand,2000,276 000 000,43 000 000,1 637,1 368,79 624,74 700,193.7,..,45.1,41.3,301 000 000,..,1.0,20.4,1 246 804,55 766,426 787,27 594,27 594,1 441 208,11 671,211,829 514,57 378,606 297,..,3.8,3 367,..,2 528,57 402,5 065,..,73 011,704,(M) ..,36
35,Norway,2000,2 131 000 000,674 000 000,(P) 4 614,(P) 3 591,73 720,70 900,147.4,656.8,(P) 40.1,46.3,10 026 000 000,179.0,0.9,28.7,..,..,1 078 764,..,..,1 316 351,..,223,..,..,38 581,1 466,4.0,..,..,3 299,222 731,7 675,..,..,1 157,(M) ..,57
36,Poland,2000,(P) 20 198 744 119,(P) 2 194 150 000,58 377,45 121,(P) 742 229,(P) 677 340,81.6,553.6,37.7,223.2,(P) 216 899 933 655,196.4,(P) 0.9,(P) 26.4,2 880 871,308 721,1 096 502,38 416,..,1 398 351,13 141,2 541,1 013 700,(E) 84 481,40 451,1 464,3.9,..,2 370,3 968,197 904,7 675,..,..,1 187,..,6
37,Portugal,2000,..,..,7 090,4 999,6 103,5 856,..,..,121.2,41.6,250 212 000 000,(P) 195.5,..,(P) 35.6,..,..,..,..,..,..,1 937,3 046,(E) 770 590,..,(E) 43 016,..,3.7,..,..,..,8 414,1 864,..,..,70,(M) ..,44
38,Romania,2000,26 885 000 000,379 716 515,330 269,264 499,..,..,(P) 125.1,573.2,32.7,85.5,253 672 000 000,..,0.8,(P) 38.9,147 986,16 951,131 980,7 732,11 336,2 020,1 982,2 719,787 387,13 200,(E) 44 796,5 873,3.3,1 133,2 236,26 033,6 926,1 864,52,238,70,(M) ..,..
39,Russian Federation,2000,846 894 246,375 727 022,(P) 11 326,(P) 9 098,..,..,137.0,512.5,(P) 54.6,87.7,(M) ..,288.5,0.5,(P) 33.3,76 842,7 773,17 688,1 931,2 421,2 030,916,584,820 184,110 369,46 836,13 954,5.4,56,4 022,57 356,379,1 562,2,210,67,181,0
40,"Serbia, Republic of",2000,2 540 945 305,387 119 648,18 176,13 778,(E) 82 004,(E) 77 150,339.0,402.1,47.2,40.8,(M) ..,..,1.9,(P) 29.1,83 150,(P) 7 778,17 877,1 931,2 421,1 950,916,462,847 244,112 031,47 795,14 172,4.7,56,4 012,56 938,407,1 562,2,160,63,146,0
41,Slovak Republic,2000,107 252 606,67 683 997,1 015,727,..,..,..,736.8,21.8,106.5,(M) ..,..,0.6,23.6,89 797,..,17 538,2 045,2 469,1 940,916,8,885 458,114 124,47 545,14 390,2.2,56,4 016,58 567,434,1 562,2,227,59,127,0
42,Slovenia,2000,..,..,..,..,..,..,..,440.7,..,29.6,..,118.1,..,35.9,882 243,172 344,388 127,16 781,24 502,2 574 005,..,(p) 140,858 092,(E) 115 685,84 127,32 625,(p) 2.9,..,4 018,72,(E) 448,1 562,..,20 920,..,179,0
43,Spain,2000,..,..,..,..,891 949,(E) 835 363,..,..,..,50.3,1 207 000 000,..,..,37.2,17 228,3 792,15 294,1 860,2 217,29 252,0,(p) 147,16 479,3 617,11 134,1 191,(p) 3.0,259,417,2 363 811,68,446,36,939,35,193,0
44,Sweden,2000,..,..,161 644,118 298,..,..,..,666.9,40.2,39.7,53 872 256 536,147.7,..,28.5,17 494,3 875,14 522,1 860,2 217,30 666,0,2 395,17 509,3 387,11 687,1 188,4.0,247,414,1 792 708,52,485,38,1 279,35,188,0
45,Switzerland,2000,..,..,372 315,309 178,..,..,..,494.3,27.1,64.5,58 386 896 323,..,..,20.5,18 242,3 975,15 651,1 860,2 217,32 185,0,3 416,17 813,2 664,12 136,1 213,..,221,417,1 036 686,15,488,..,644,30,..,0
46,Turkey,2000,..,..,309 275,209 654,..,..,..,370.4,59.5,94.7,..,..,..,20.6,4 666,2 926,16 294,1 911,2 335,11 601,324,3 081,33 200,12 326,12 483,2 113,6.0,216,500,3 446,13,493,1,1 254,27,..,0
47,United Kingdom,2000,246 520 000,259 000 000,4 205,3 414,..,..,662.6,..,74.2,114.8,..,..,0.8,21.0,23 331,1 497,710 057,271,622,8 964,165,186,3 348,38 900,127 233,(M) ..,6.7,72,1 244,(M) ..,152,42,..,282,2,..,2
48,United States,2000,647 000 000,140 000 000,3 369,2 817,..,..,1 277.0,563.0,63.0,87.3,655 000 000,..,1.3,22.6,2 258,1 346,715 554,1 151,1 151,328,(M) ..,(p) 175,3 529,35 000,127 680,(M) ..,(p) 6.3,138,1 245,(M) ..,136,45,1,107,2,..,3
49,Chile,2000,512 077 312,39 089 271,..,..,..,..,..,674.3,..,48.4,(M) ..,7.2,0.8,29.0,1 814,2 641,890 820,1 151,1 151,4 914,2 730,26,3 708,32 100,129 597,..,4.2,134,1 245,153 600,135,90,1,..,2,4 250,3
50,Argentina,2000,..,..,..,..,..,..,273.4,..,..,115.8,(M) ..,(E) 142.8,..,28.5,1 710,2 613,897 180,1 150,1 150,4 872,2 756,533,4 047,32 500,133 093,..,3.1,134,1 245,151 400,127,90,1,..,2,4 264,3
51,Bosnia-Herzegovina,2000,1 930 773 514,808 152 601,..,..,..,..,302.3,272.9,104.0,180.6,5 306 622 703,..,0.2,(P) 26.4,390 569,4 563,154 227,3 055,4 152,1 211 522,2 758,535,194 200,34 500,..,7 141,3.1,4 143,1 245,158 255,365 697,6 257,15,..,3 265,4 258,8
52,Israel,2000,..,51 938 848,2 510,2 005,..,..,516.3,..,93.6,..,5 502 630 295,135.3,..,26.7,389 776,..,157 775,3 220,4 164,1 230 038,2 756,..,..,36 300,141 841,7 141,..,4 033,1 288,160 600,359 417,6 297,14,5 946,5 010,..,20
53,Kazakhstan,2000,..,..,..,..,..,..,..,..,..,33.5,5 700 975 509,..,..,25.9,73 561,..,49 100,3 895,4 208,171 998,523,..,..,39 300,(E) 46 791,7 625,..,4 004,1 288,177 100,3 821,3 655,13,5 258,91,..,3
54,Liechtenstein,2000,..,..,..,..,..,..,110.6,497.6,35.0,76.0,5 756 039 280,..,..,(P) 28.8,77 740,..,49 168,3 887,4 177,163 436,599,..,..,35 400,(E) 47 506,7 625,..,3 825,1 288,..,3 412,3 654,13,4 177,89,..,..
55,North Macedonia,2000,1 513 730 561,1 050 506 246,(P) 13 153,(P) 10 292,..,..,(P) 150.0,..,62.5,28.5,5 879 648 177,(P) 219.6,0.8,..,309 722,37 359,243 816,19 235,37 087,1 349 912,1 637,(p) 306,..,55 287,..,10 743,..,3 887,2 483,..,2 988,3 654,78,..,89,..,..
56,Ukraine,2000,..,..,4 529,3 585,(E) 67 403,(E) 65 599,93.2,522.4,17.3,107.9,..,119.9,..,..,147 408,35 802,37 073,2 546,3 244,6 741,3 065,93,..,2 987,55 268,1 375,1.7,121,147,..,29 043,1 779,5,(E) 3 171,164,,
57,Uzbekistan,2000,3 872 434 282,503 691 033,28 954,23 540,(E) 255 998,(E) 243 441,898.1,..,65.6,71.8,35 244 237 197,..,0.7,27.1,66 500,30 202,77 292,10 765,20 104,6 783,823,2 491,..,6 459,56 899,13 381,6.6,1 721,3 112,(M) ..,29 714,1 779,..,29,161,,
58,"""Montenegro, Republic of""",2000,..,..,..,..,..,..,(P) 116.4,..,..,74.3,36 207 155 656,..,..,(P) 35.9,1 160 426,168 099,1 636 610,86 614,86 614,..,1 293,..,5 987,602 850,(P) 20 674,179 260,..,14 461,70 492,566 439,..,101 485,..,..,1 449,,
59,"""Serbia, Republic of""",2000,..,..,..,..,255 531,121 942,..,..,..,151.8,35 156 042 168,..,..,(P) 25.4,75 370,5 637,45 253,3 626,3 626,30 499,482,130,5 356,9 582,20 605,35 605,6.3,881,506,64 217,6 896,172,16,385,10,,
60,Colombia,2000,12 380 659 967,(P) 342 917 033,199 192,145 073,166 794,88 220,2 775.5,..,112.1,133.8,35 464 963 387,430.3,1.0,..,77 753,5 691,47 238,3 627,3 627,30 318,482,104,5 304,9 460,(P) 21 437,35 690,5.0,850,506,64 440,5 567,172,20,336,9,,
61,Serbia,2000,..,..,17 596,12 239,(E) 38 896,(E) 34 803,217.9,..,71.2,74.5,37 266 168 813,398.7,..,20.1,13 554,6 014,19 063,1 209,2 178,63 790,623,91,..,32 178,..,1 174,4.4,155,4 736,24 136,6 334,1 050,1,5 200,13,,
62, United Kingdom,2000,930 100 000,231 600 000,5 623,4 555,..,..,379.6,..,45.2,102.1,40 202 866 067,(P) 407.4,1.0,26.5,..,102 299,212 516,15 449,21 882,1 933 445,15 585,102,..,32 060,250 192,10 348,4.9,455,4 723,24 027,5 897,1 050,18,19 490,12,,
63,Northern Ireland,2000,424 000 000,139 000 000,5 784,4 780,..,..,132.4,554.9,38.1,67.2,41 308 608 032,(P) 404.0,0.9,30.8,246 490,14 233,165 095,10 906,15 571,85 878,2 132,80,..,3 758,84 433,13 756,3.8,651,109,48 410,5 790,1 050,30,11 630,10,,
64,Albania,2001,(E) 6 307 848 764,999 839 421,..,..,..,..,..,..,..,30.8,41 627 135 935,..,(E) 0.6,28.0,611 331,18 033,226 065,..,12 175,(E) 133 000,1 462,1 370,314 734,3 924,68 616,14 666,2.9,668,109,55 975,4 698,1 050,66,18 036,10,..,..
65,Armenia,2001,5 022 406 346,1 027 545 504,15 558,12 243,107 890,99 761,121.6,477.5,19.7,21.5,42 410 922 855,144.6,1.1,29.5,100 568,186 532,52 740,10 315,12 307,568 521,2 842,204,329 363,28 271,..,15 860,2.0,664,3 060,51 138,3 645,1 050,..,46 625,(E) 158,24 257,13
66,Australia,2001,..,..,20 022,16 897,..,..,..,539.4,26.3,109.7,371 625 226 040,..,..,27.9,..,..,..,..,..,48 849,..,227,..,..,..,3 577 599,2.6,26 547,..,99 674,3 149,1 050,..,3 852,(E) 158,27 687,8
67,Austria,2001,..,..,231 132,150 275,297 289,288 992,475.8,..,57.7,41.8,378 750 712 413,..,..,28.6,676 176,..,1 143 716,149 407,256 806,2 533,..,1 752,..,..,5 214 800,3 602 373,2.7,26 086,351 460,103 317,..,(E) 40 000,..,..,..,29 875,1
68,Azerbaijan,2001,..,..,(P) 121 820,(P) 95 222,..,..,..,..,(P) 22.7,82.0,..,..,..,32.6,409,..,..,1 018,1 018,2 348,..,1 460,217 145,125 382,..,14 895,2.2,168,8 301,99 637,1 321,4 151,2,864,12,27 778,22
69,Belarus,2001,..,..,..,..,..,..,..,..,(E) 117.4,102.9,..,(E) 217.6,..,40.7,472,7 397,4 625,1 018,1 018,2 768,172,(p) 38 824,222 820,123 999,(M) ..,15 265,(p) 11.8,168,8 011,90 644,1 219,4 151,2,1 063,8,46 531,1
70,Belgium,2001,,(P) 745 653 735,43 634,28 870,..,..,272.1,196.6,93.8,50.9,,..,,13.8,549,6 194,5 380,1 018,1 018,4 787,198,1 794,237 556,122 891,(M) ..,15 256,(e) 9.2,168,8 015,82 937,1 189,4 151,2,1 222,9,31 913,47
71,Bulgaria,2001,,,..,..,..,..,279.7,..,79.1,48.7,,165.2,,13.5,67 696,12 557,158 589,16 040,1 462,(M) ..,622,..,240 587,142 958,(M) ..,15 256,..,1 732,8 013,89 849,1 649,4 151,1,(M) ..,9,63 341,272
72,Canada,2001,,,8 819,29 703,281 500,246 813,245.5,..,74.4,45.9,,160.1,,11.9,23 091,15 771,168 525,16 061,16 061,(M) ..,96 246,355,247 931,178 553,(M) ..,15 321,3.9,1 714,8 013,102 863,1 183,4 081,14,(M) ..,9,90 613,1 021
73,China,2001,,,18 226,10 836,295 235,260 581,985.2,346.7,33.1,188.8,,..,,33.4,500,102,1 142,683,907,(E) 1 198,0,305,9 261,..,4 833,160,..,42,144,192,2 244,1 569,2,,1 312,11 833,
74,Croatia,2001,,,19 841,13 515,108 284,91 298,863.8,199.3,63.9,168.3,,75.6,,27.1,540,3 740,1 877,683,907,..,287,5 757,9 718,..,4 800,164,12.7,42,144,177,2 435,2 129,2,,1 401,9 655,
75,Czech Republic,2001,,,110,408,(E) 11 793,11 731,849.0,204.5,63.4,183.3,,66.5,,(P) 28.5,157 962,..,205 551,19 765,19 765,..,164 000,6 118,40 365,..,(E) 2 393,37 916,13.3,3 593,4 767,91 690,2 458,1 888,3,,1 222,,
76,Denmark,2001,,,5 866,3 696,..,..,895.8,..,60.0,173.2,,68.3,,..,927,1 831,1 569,250,328,(M) ..,(M) ..,6 406,..,3 646,(E) 2 523,1 517,13.8,31,370,1 976,..,1 593,3,,77,,
77,Estonia,2001,,,..,..,,124 141,1 622.6,,..,,,84.6,,,992,1 855,1 677,250,328,(M) ..,(M) ..,6 936,..,3 833,..,1 482,14.8,28,279,2 250,1 448,1 593,3,,62,,
78,Finland,2001,,,8 553,6 982,,113 200,,,,,,,,,..,..,..,..,..,..,..,6 505,..,..,,..,13.7,..,..,..,..,..,..,,..,,
79,France,2001,,,,,,,,,,,,,,,,,,,,,,6 629,,,,,13.7,,,,,,,,,,
80,Georgia,2001,,,,,,,,,,,,,,,,,,,,,,6 577,,,,,13.3,,,,,,,,,,
81,Germany,2001,,,,,,,,,,,,,,,,,,,,,,5 447,,,,,10.8,,,,,,,,,,
82,Greece,2001,,,,,,,,,,,,,,,,,,,,,,..,,,,,..,,,,,,,,,,
83,Hungary,2001,,,,,,,,,,,,,,,,,,,,,,1 516,,,,,2.3,,,,,,,,,,
84,Iceland,2001,,,,,,,,,,,,,,,,,,,,,,56,,,,,3.0,,,,,,,,,,
85,India,2001,,,,,,,,,,,,,,,,,,,,,,,,,,,,,,,,,,,,,
86,Ireland,2001,,,,,,,,,,,,,,,,,,,,,,,,,,,,,,,,,,,,,
87,Italy,2001,,,,,,,,,,,,,,,,,,,,,,,,,,,,,,,,,,,,,
88,Japan,2001,,,,,,,,,,,,,,,,,,,,,,,,,,,,,,,,,,,,,
89,Korea,2001,,,,,,,,,,,,,,,,,,,,,,,,,,,,,,,,,,,,,
90,Latvia,2001,,,,,,,,,,,,,,,,,,,,,,,,,,,,,,,,,,,,,
91,Lithuania,2001,,,,,,,,,,,,,,,,,,,,,,,,,,,,,,,,,,,,,
92,Luxembourg,2001,,,,,,,,,,,,,,,,,,,,,,,,,,,,,,,,,,,,,
93,Malta,2001,,,,,,,,,,,,,,,,,,,,,,,,,,,,,,,,,,,,,
94,Mexico,2001,,,,,,,,,,,,,,,,,,,,,,,,,,,,,,,,,,,,,
95,Moldova,2001,,,,,,,,,,,,,,,,,,,,,,,,,,,,,,,,,,,,,
96,"Montenegro, Republic of",2001,,,,,,,,,,,,,,,,,,,,,,,,,,,,,,,,,,,,,
97,Netherlands,2001,,,,,,,,,,,,,,,,,,,,,,,,,,,,,,,,,,,,,
98,New Zealand,2001,,,,,,,,,,,,,,,,,,,,,,,,,,,,,,,,,,,,,
99,Norway,2001,,,,,,,,,,,,,,,,,,,,,,,,,,,,,,,,,,,,,
100,Poland,2001,,,,,,,,,,,,,,,,,,,,,,,,,,,,,,,,,,,,,
101,Portugal,2001,,,,,,,,,,,,,,,,,,,,,,,,,,,,,,,,,,,,,
102,Romania,2001,,,,,,,,,,,,,,,,,,,,,,,,,,,,,,,,,,,,,
103,Russian Federation,2001,,,,,,,,,,,,,,,,,,,,,,,,,,,,,,,,,,,,,
104,"Serbia, Republic of",2001,,,,,,,,,,,,,,,,,,,,,,,,,,,,,,,,,,,,,
105,Slovak Republic,2001,,,,,,,,,,,,,,,,,,,,,,,,,,,,,,,,,,,,,
106,Slovenia,2001,,,,,,,,,,,,,,,,,,,,,,,,,,,,,,,,,,,,,
107,Spain,2001,,,,,,,,,,,,,,,,,,,,,,,,,,,,,,,,,,,,,
108,Sweden,2001,,,,,,,,,,,,,,,,,,,,,,,,,,,,,,,,,,,,,
109,Switzerland,2001,,,,,,,,,,,,,,,,,,,,,,,,,,,,,,,,,,,,,
110,Turkey,2001,,,,,,,,,,,,,,,,,,,,,,,,,,,,,,,,,,,,,
111,United Kingdom,2001,,,,,,,,,,,,,,,,,,,,,,,,,,,,,,,,,,,,,
112,United States,2001,,,,,,,,,,,,,,,,,,,,,,,,,,,,,,,,,,,,,
113,Chile,2001,,,,,,,,,,,,,,,,,,,,,,,,,,,,,,,,,,,,,
114,Argentina,2001,,,,,,,,,,,,,,,,,,,,,,,,,,,,,,,,,,,,,
115,Bosnia-Herzegovina,2001,,,,,,,,,,,,,,,,,,,,,,,,,,,,,,,,,,,,,
116,Israel,2001,,,,,,,,,,,,,,,,,,,,,,,,,,,,,,,,,,,,,
117,Kazakhstan,2001,,,,,,,,,,,,,,,,,,,,,,,,,,,,,,,,,,,,,
118,Liechtenstein,2001,,,,,,,,,,,,,,,,,,,,,,,,,,,,,,,,,,,,,
119,North Macedonia,2001,,,,,,,,,,,,,,,,,,,,,,,,,,,,,,,,,,,,,
120,Ukraine,2001,,,,,,,,,,,,,,,,,,,,,,,,,,,,,,,,,,,,,
121,Uzbekistan,2001,,,,,,,,,,,,,,,,,,,,,,,,,,,,,,,,,,,,,
122,"""Montenegro, Republic of""",2001,,,,,,,,,,,,,,,,,,,,,,,,,,,,,,,,,,,,,
123,"""Serbia, Republic of""",2001,,,,,,,,,,,,,,,,,,,,,,,,,,,,,,,,,,,,,
124,Colombia,2001,,,,,,,,,,,,,,,,,,,,,,,,,,,,,,,,,,,,,
125,Serbia,2001,,,,,,,,,,,,,,,,,,,,,,,,,,,,,,,,,,,,,
126, United Kingdom,2001,,,,,,,,,,,,,,,,,,,,,,,,,,,,,,,,,,,,,
127,Northern Ireland,2001,,,,,,,,,,,,,,,,,,,,,,,,,,,,,,,,,,,,,
128,Albania,2002,,,,,,,,,,,,,,,,,,,,,,,,,,,,,,,,,,,,,
129,Armenia,2002,,,,,,,,,,,,,,,,,,,,,,,,,,,,,,,,,,,,,
130,Australia,2002,,,,,,,,,,,,,,,,,,,,,,,,,,,,,,,,,,,,,
131,Austria,2002,,,,,,,,,,,,,,,,,,,,,,,,,,,,,,,,,,,,,
132,Azerbaijan,2002,,,,,,,,,,,,,,,,,,,,,,,,,,,,,,,,,,,,,
133,Belarus,2002,,,,,,,,,,,,,,,,,,,,,,,,,,,,,,,,,,,,,
134,Belgium,2002,,,,,,,,,,,,,,,,,,,,,,,,,,,,,,,,,,,,,
135,Bulgaria,2002,,,,,,,,,,,,,,,,,,,,,,,,,,,,,,,,,,,,,
136,Canada,2002,,,,,,,,,,,,,,,,,,,,,,,,,,,,,,,,,,,,,
137,China,2002,,,,,,,,,,,,,,,,,,,,,,,,,,,,,,,,,,,,,
138,Croatia,2002,,,,,,,,,,,,,,,,,,,,,,,,,,,,,,,,,,,,,
139,Czech Republic,2002,,,,,,,,,,,,,,,,,,,,,,,,,,,,,,,,,,,,,
140,Denmark,2002,,,,,,,,,,,,,,,,,,,,,,,,,,,,,,,,,,,,,
141,Estonia,2002,,,,,,,,,,,,,,,,,,,,,,,,,,,,,,,,,,,,,
142,Finland,2002,,,,,,,,,,,,,,,,,,,,,,,,,,,,,,,,,,,,,
143,France,2002,,,,,,,,,,,,,,,,,,,,,,,,,,,,,,,,,,,,,
144,Georgia,2002,,,,,,,,,,,,,,,,,,,,,,,,,,,,,,,,,,,,,
145,Germany,2002,,,,,,,,,,,,,,,,,,,,,,,,,,,,,,,,,,,,,
146,Greece,2002,,,,,,,,,,,,,,,,,,,,,,,,,,,,,,,,,,,,,
147,Hungary,2002,,,,,,,,,,,,,,,,,,,,,,,,,,,,,,,,,,,,,
148,Iceland,2002,,,,,,,,,,,,,,,,,,,,,,,,,,,,,,,,,,,,,
149,India,2002,,,,,,,,,,,,,,,,,,,,,,,,,,,,,,,,,,,,,
150,Ireland,2002,,,,,,,,,,,,,,,,,,,,,,,,,,,,,,,,,,,,,
151,Italy,2002,,,,,,,,,,,,,,,,,,,,,,,,,,,,,,,,,,,,,
152,Japan,2002,,,,,,,,,,,,,,,,,,,,,,,,,,,,,,,,,,,,,
153,Korea,2002,,,,,,,,,,,,,,,,,,,,,,,,,,,,,,,,,,,,,
154,Latvia,2002,,,,,,,,,,,,,,,,,,,,,,,,,,,,,,,,,,,,,
155,Lithuania,2002,,,,,,,,,,,,,,,,,,,,,,,,,,,,,,,,,,,,,
156,Luxembourg,2002,,,,,,,,,,,,,,,,,,,,,,,,,,,,,,,,,,,,,
157,Malta,2002,,,,,,,,,,,,,,,,,,,,,,,,,,,,,,,,,,,,,
158,Mexico,2002,,,,,,,,,,,,,,,,,,,,,,,,,,,,,,,,,,,,,
159,Moldova,2002,,,,,,,,,,,,,,,,,,,,,,,,,,,,,,,,,,,,,
160,"Montenegro, Republic of",2002,,,,,,,,,,,,,,,,,,,,,,,,,,,,,,,,,,,,,
161,Netherlands,2002,,,,,,,,,,,,,,,,,,,,,,,,,,,,,,,,,,,,,
162,New Zealand,2002,,,,,,,,,,,,,,,,,,,,,,,,,,,,,,,,,,,,,
163,Norway,2002,,,,,,,,,,,,,,,,,,,,,,,,,,,,,,,,,,,,,
164,Poland,2002,,,,,,,,,,,,,,,,,,,,,,,,,,,,,,,,,,,,,
165,Portugal,2002,,,,,,,,,,,,,,,,,,,,,,,,,,,,,,,,,,,,,
166,Romania,2002,,,,,,,,,,,,,,,,,,,,,,,,,,,,,,,,,,,,,
167,Russian Federation,2002,,,,,,,,,,,,,,,,,,,,,,,,,,,,,,,,,,,,,
168,"Serbia, Republic of",2002,,,,,,,,,,,,,,,,,,,,,,,,,,,,,,,,,,,,,
169,Slovak Republic,2002,,,,,,,,,,,,,,,,,,,,,,,,,,,,,,,,,,,,,
170,Slovenia,2002,,,,,,,,,,,,,,,,,,,,,,,,,,,,,,,,,,,,,
171,Spain,2002,,,,,,,,,,,,,,,,,,,,,,,,,,,,,,,,,,,,,
172,Sweden,2002,,,,,,,,,,,,,,,,,,,,,,,,,,,,,,,,,,,,,
173,Switzerland,2002,,,,,,,,,,,,,,,,,,,,,,,,,,,,,,,,,,,,,
174,Turkey,2002,,,,,,,,,,,,,,,,,,,,,,,,,,,,,,,,,,,,,
175,United Kingdom,2002,,,,,,,,,,,,,,,,,,,,,,,,,,,,,,,,,,,,,
176,United States,2002,,,,,,,,,,,,,,,,,,,,,,,,,,,,,,,,,,,,,
177,Chile,2002,,,,,,,,,,,,,,,,,,,,,,,,,,,,,,,,,,,,,
178,Argentina,2002,,,,,,,,,,,,,,,,,,,,,,,,,,,,,,,,,,,,,
179,Bosnia-Herzegovina,2002,,,,,,,,,,,,,,,,,,,,,,,,,,,,,,,,,,,,,
180,Israel,2002,,,,,,,,,,,,,,,,,,,,,,,,,,,,,,,,,,,,,
181,Kazakhstan,2002,,,,,,,,,,,,,,,,,,,,,,,,,,,,,,,,,,,,,
182,Liechtenstein,2002,,,,,,,,,,,,,,,,,,,,,,,,,,,,,,,,,,,,,
183,North Macedonia,2002,,,,,,,,,,,,,,,,,,,,,,,,,,,,,,,,,,,,,
184,Ukraine,2002,,,,,,,,,,,,,,,,,,,,,,,,,,,,,,,,,,,,,
185,Uzbekistan,2002,,,,,,,,,,,,,,,,,,,,,,,,,,,,,,,,,,,,,
186,"""Montenegro, Republic of""",2002,,,,,,,,,,,,,,,,,,,,,,,,,,,,,,,,,,,,,
187,"""Serbia, Republic of""",2002,,,,,,,,,,,,,,,,,,,,,,,,,,,,,,,,,,,,,
188,Colombia,2002,,,,,,,,,,,,,,,,,,,,,,,,,,,,,,,,,,,,,
189,Serbia,2002,,,,,,,,,,,,,,,,,,,,,,,,,,,,,,,,,,,,,
190, United Kingdom,2002,,,,,,,,,,,,,,,,,,,,,,,,,,,,,,,,,,,,,
191,Northern Ireland,2002,,,,,,,,,,,,,,,,,,,,,,,,,,,,,,,,,,,,,
192,Albania,2003,,,,,,,,,,,,,,,,,,,,,,,,,,,,,,,,,,,,,
193,Armenia,2003,,,,,,,,,,,,,,,,,,,,,,,,,,,,,,,,,,,,,
194,Australia,2003,,,,,,,,,,,,,,,,,,,,,,,,,,,,,,,,,,,,,
195,Austria,2003,,,,,,,,,,,,,,,,,,,,,,,,,,,,,,,,,,,,,
196,Azerbaijan,2003,,,,,,,,,,,,,,,,,,,,,,,,,,,,,,,,,,,,,
197,Belarus,2003,,,,,,,,,,,,,,,,,,,,,,,,,,,,,,,,,,,,,
198,Belgium,2003,,,,,,,,,,,,,,,,,,,,,,,,,,,,,,,,,,,,,
199,Bulgaria,2003,,,,,,,,,,,,,,,,,,,,,,,,,,,,,,,,,,,,,
200,Canada,2003,,,,,,,,,,,,,,,,,,,,,,,,,,,,,,,,,,,,,
201,China,2003,,,,,,,,,,,,,,,,,,,,,,,,,,,,,,,,,,,,,
202,Croatia,2003,,,,,,,,,,,,,,,,,,,,,,,,,,,,,,,,,,,,,
203,Czech Republic,2003,,,,,,,,,,,,,,,,,,,,,,,,,,,,,,,,,,,,,
204,Denmark,2003,,,,,,,,,,,,,,,,,,,,,,,,,,,,,,,,,,,,,
205,Estonia,2003,,,,,,,,,,,,,,,,,,,,,,,,,,,,,,,,,,,,,
206,Finland,2003,,,,,,,,,,,,,,,,,,,,,,,,,,,,,,,,,,,,,
207,France,2003,,,,,,,,,,,,,,,,,,,,,,,,,,,,,,,,,,,,,
208,Georgia,2003,,,,,,,,,,,,,,,,,,,,,,,,,,,,,,,,,,,,,
209,Germany,2003,,,,,,,,,,,,,,,,,,,,,,,,,,,,,,,,,,,,,
210,Greece,2003,,,,,,,,,,,,,,,,,,,,,,,,,,,,,,,,,,,,,
211,Hungary,2003,,,,,,,,,,,,,,,,,,,,,,,,,,,,,,,,,,,,,
212,Iceland,2003,,,,,,,,,,,,,,,,,,,,,,,,,,,,,,,,,,,,,
213,India,2003,,,,,,,,,,,,,,,,,,,,,,,,,,,,,,,,,,,,,
214,Ireland,2003,,,,,,,,,,,,,,,,,,,,,,,,,,,,,,,,,,,,,
215,Italy,2003,,,,,,,,,,,,,,,,,,,,,,,,,,,,,,,,,,,,,
216,Japan,2003,,,,,,,,,,,,,,,,,,,,,,,,,,,,,,,,,,,,,
217,Korea,2003,,,,,,,,,,,,,,,,,,,,,,,,,,,,,,,,,,,,,
218,Latvia,2003,,,,,,,,,,,,,,,,,,,,,,,,,,,,,,,,,,,,,
219,Lithuania,2003,,,,,,,,,,,,,,,,,,,,,,,,,,,,,,,,,,,,,
220,Luxembourg,2003,,,,,,,,,,,,,,,,,,,,,,,,,,,,,,,,,,,,,
221,Malta,2003,,,,,,,,,,,,,,,,,,,,,,,,,,,,,,,,,,,,,
222,Mexico,2003,,,,,,,,,,,,,,,,,,,,,,,,,,,,,,,,,,,,,
223,Moldova,2003,,,,,,,,,,,,,,,,,,,,,,,,,,,,,,,,,,,,,
224,"Montenegro, Republic of",2003,,,,,,,,,,,,,,,,,,,,,,,,,,,,,,,,,,,,,
225,Netherlands,2003,,,,,,,,,,,,,,,,,,,,,,,,,,,,,,,,,,,,,
226,New Zealand,2003,,,,,,,,,,,,,,,,,,,,,,,,,,,,,,,,,,,,,
227,Norway,2003,,,,,,,,,,,,,,,,,,,,,,,,,,,,,,,,,,,,,
228,Poland,2003,,,,,,,,,,,,,,,,,,,,,,,,,,,,,,,,,,,,,
229,Portugal,2003,,,,,,,,,,,,,,,,,,,,,,,,,,,,,,,,,,,,,
230,Romania,2003,,,,,,,,,,,,,,,,,,,,,,,,,,,,,,,,,,,,,
231,Russian Federation,2003,,,,,,,,,,,,,,,,,,,,,,,,,,,,,,,,,,,,,
232,"Serbia, Republic of",2003,,,,,,,,,,,,,,,,,,,,,,,,,,,,,,,,,,,,,
233,Slovak Republic,2003,,,,,,,,,,,,,,,,,,,,,,,,,,,,,,,,,,,,,
234,Slovenia,2003,,,,,,,,,,,,,,,,,,,,,,,,,,,,,,,,,,,,,
235,Spain,2003,,,,,,,,,,,,,,,,,,,,,,,,,,,,,,,,,,,,,
236,Sweden,2003,,,,,,,,,,,,,,,,,,,,,,,,,,,,,,,,,,,,,
237,Switzerland,2003,,,,,,,,,,,,,,,,,,,,,,,,,,,,,,,,,,,,,
238,Turkey,2003,,,,,,,,,,,,,,,,,,,,,,,,,,,,,,,,,,,,,
239,United Kingdom,2003,,,,,,,,,,,,,,,,,,,,,,,,,,,,,,,,,,,,,
240,United States,2003,,,,,,,,,,,,,,,,,,,,,,,,,,,,,,,,,,,,,
241,Chile,2003,,,,,,,,,,,,,,,,,,,,,,,,,,,,,,,,,,,,,
242,Argentina,2003,,,,,,,,,,,,,,,,,,,,,,,,,,,,,,,,,,,,,
243,Bosnia-Herzegovina,2003,,,,,,,,,,,,,,,,,,,,,,,,,,,,,,,,,,,,,
244,Israel,2003,,,,,,,,,,,,,,,,,,,,,,,,,,,,,,,,,,,,,
245,Kazakhstan,2003,,,,,,,,,,,,,,,,,,,,,,,,,,,,,,,,,,,,,
246,Liechtenstein,2003,,,,,,,,,,,,,,,,,,,,,,,,,,,,,,,,,,,,,
247,North Macedonia,2003,,,,,,,,,,,,,,,,,,,,,,,,,,,,,,,,,,,,,
248,Ukraine,2003,,,,,,,,,,,,,,,,,,,,,,,,,,,,,,,,,,,,,
249,Uzbekistan,2003,,,,,,,,,,,,,,,,,,,,,,,,,,,,,,,,,,,,,
250,"""Montenegro, Republic of""",2003,,,,,,,,,,,,,,,,,,,,,,,,,,,,,,,,,,,,,
251,"""Serbia, Republic of""",2003,,,,,,,,,,,,,,,,,,,,,,,,,,,,,,,,,,,,,
252,Colombia,2003,,,,,,,,,,,,,,,,,,,,,,,,,,,,,,,,,,,,,
253,Serbia,2003,,,,,,,,,,,,,,,,,,,,,,,,,,,,,,,,,,,,,
254, United Kingdom,2003,,,,,,,,,,,,,,,,,,,,,,,,,,,,,,,,,,,,,
255,Northern Ireland,2003,,,,,,,,,,,,,,,,,,,,,,,,,,,,,,,,,,,,,
256,Albania,2004,,,,,,,,,,,,,,,,,,,,,,,,,,,,,,,,,,,,,
257,Armenia,2004,,,,,,,,,,,,,,,,,,,,,,,,,,,,,,,,,,,,,
258,Australia,2004,,,,,,,,,,,,,,,,,,,,,,,,,,,,,,,,,,,,,
259,Austria,2004,,,,,,,,,,,,,,,,,,,,,,,,,,,,,,,,,,,,,
260,Azerbaijan,2004,,,,,,,,,,,,,,,,,,,,,,,,,,,,,,,,,,,,,
261,Belarus,2004,,,,,,,,,,,,,,,,,,,,,,,,,,,,,,,,,,,,,
262,Belgium,2004,,,,,,,,,,,,,,,,,,,,,,,,,,,,,,,,,,,,,
263,Bulgaria,2004,,,,,,,,,,,,,,,,,,,,,,,,,,,,,,,,,,,,,
264,Canada,2004,,,,,,,,,,,,,,,,,,,,,,,,,,,,,,,,,,,,,
265,China,2004,,,,,,,,,,,,,,,,,,,,,,,,,,,,,,,,,,,,,
266,Croatia,2004,,,,,,,,,,,,,,,,,,,,,,,,,,,,,,,,,,,,,
267,Czech Republic,2004,,,,,,,,,,,,,,,,,,,,,,,,,,,,,,,,,,,,,
268,Denmark,2004,,,,,,,,,,,,,,,,,,,,,,,,,,,,,,,,,,,,,
269,Estonia,2004,,,,,,,,,,,,,,,,,,,,,,,,,,,,,,,,,,,,,
270,Finland,2004,,,,,,,,,,,,,,,,,,,,,,,,,,,,,,,,,,,,,
271,France,2004,,,,,,,,,,,,,,,,,,,,,,,,,,,,,,,,,,,,,
272,Georgia,2004,,,,,,,,,,,,,,,,,,,,,,,,,,,,,,,,,,,,,
273,Germany,2004,,,,,,,,,,,,,,,,,,,,,,,,,,,,,,,,,,,,,
274,Greece,2004,,,,,,,,,,,,,,,,,,,,,,,,,,,,,,,,,,,,,
275,Hungary,2004,,,,,,,,,,,,,,,,,,,,,,,,,,,,,,,,,,,,,
276,Iceland,2004,,,,,,,,,,,,,,,,,,,,,,,,,,,,,,,,,,,,,
277,India,2004,,,,,,,,,,,,,,,,,,,,,,,,,,,,,,,,,,,,,
278,Ireland,2004,,,,,,,,,,,,,,,,,,,,,,,,,,,,,,,,,,,,,
279,Italy,2004,,,,,,,,,,,,,,,,,,,,,,,,,,,,,,,,,,,,,
280,Japan,2004,,,,,,,,,,,,,,,,,,,,,,,,,,,,,,,,,,,,,
281,Korea,2004,,,,,,,,,,,,,,,,,,,,,,,,,,,,,,,,,,,,,
282,Latvia,2004,,,,,,,,,,,,,,,,,,,,,,,,,,,,,,,,,,,,,
283,Lithuania,2004,,,,,,,,,,,,,,,,,,,,,,,,,,,,,,,,,,,,,
284,Luxembourg,2004,,,,,,,,,,,,,,,,,,,,,,,,,,,,,,,,,,,,,
285,Malta,2004,,,,,,,,,,,,,,,,,,,,,,,,,,,,,,,,,,,,,
286,Mexico,2004,,,,,,,,,,,,,,,,,,,,,,,,,,,,,,,,,,,,,
287,Moldova,2004,,,,,,,,,,,,,,,,,,,,,,,,,,,,,,,,,,,,,
288,"Montenegro, Republic of",2004,,,,,,,,,,,,,,,,,,,,,,,,,,,,,,,,,,,,,
289,Netherlands,2004,,,,,,,,,,,,,,,,,,,,,,,,,,,,,,,,,,,,,
290,New Zealand,2004,,,,,,,,,,,,,,,,,,,,,,,,,,,,,,,,,,,,,
291,Norway,2004,,,,,,,,,,,,,,,,,,,,,,,,,,,,,,,,,,,,,
292,Poland,2004,,,,,,,,,,,,,,,,,,,,,,,,,,,,,,,,,,,,,
293,Portugal,2004,,,,,,,,,,,,,,,,,,,,,,,,,,,,,,,,,,,,,
294,Romania,2004,,,,,,,,,,,,,,,,,,,,,,,,,,,,,,,,,,,,,
295,Russian Federation,2004,,,,,,,,,,,,,,,,,,,,,,,,,,,,,,,,,,,,,
296,"Serbia, Republic of",2004,,,,,,,,,,,,,,,,,,,,,,,,,,,,,,,,,,,,,
297,Slovak Republic,2004,,,,,,,,,,,,,,,,,,,,,,,,,,,,,,,,,,,,,
298,Slovenia,2004,,,,,,,,,,,,,,,,,,,,,,,,,,,,,,,,,,,,,
299,Spain,2004,,,,,,,,,,,,,,,,,,,,,,,,,,,,,,,,,,,,,
300,Sweden,2004,,,,,,,,,,,,,,,,,,,,,,,,,,,,,,,,,,,,,
301,Switzerland,2004,,,,,,,,,,,,,,,,,,,,,,,,,,,,,,,,,,,,,
302,Turkey,2004,,,,,,,,,,,,,,,,,,,,,,,,,,,,,,,,,,,,,
303,United Kingdom,2004,,,,,,,,,,,,,,,,,,,,,,,,,,,,,,,,,,,,,
304,United States,2004,,,,,,,,,,,,,,,,,,,,,,,,,,,,,,,,,,,,,
305,Chile,2004,,,,,,,,,,,,,,,,,,,,,,,,,,,,,,,,,,,,,
306,Argentina,2004,,,,,,,,,,,,,,,,,,,,,,,,,,,,,,,,,,,,,
307,Bosnia-Herzegovina,2004,,,,,,,,,,,,,,,,,,,,,,,,,,,,,,,,,,,,,
308,Israel,2004,,,,,,,,,,,,,,,,,,,,,,,,,,,,,,,,,,,,,
309,Kazakhstan,2004,,,,,,,,,,,,,,,,,,,,,,,,,,,,,,,,,,,,,
310,Liechtenstein,2004,,,,,,,,,,,,,,,,,,,,,,,,,,,,,,,,,,,,,
311,North Macedonia,2004,,,,,,,,,,,,,,,,,,,,,,,,,,,,,,,,,,,,,
312,Ukraine,2004,,,,,,,,,,,,,,,,,,,,,,,,,,,,,,,,,,,,,
313,Uzbekistan,2004,,,,,,,,,,,,,,,,,,,,,,,,,,,,,,,,,,,,,
314,"""Montenegro, Republic of""",2004,,,,,,,,,,,,,,,,,,,,,,,,,,,,,,,,,,,,,
315,"""Serbia, Republic of""",2004,,,,,,,,,,,,,,,,,,,,,,,,,,,,,,,,,,,,,
316,Colombia,2004,,,,,,,,,,,,,,,,,,,,,,,,,,,,,,,,,,,,,
317,Serbia,2004,,,,,,,,,,,,,,,,,,,,,,,,,,,,,,,,,,,,,
318, United Kingdom,2004,,,,,,,,,,,,,,,,,,,,,,,,,,,,,,,,,,,,,
319,Northern Ireland,2004,,,,,,,,,,,,,,,,,,,,,,,,,,,,,,,,,,,,,
320,Albania,2005,,,,,,,,,,,,,,,,,,,,,,,,,,,,,,,,,,,,,
321,Armenia,2005,,,,,,,,,,,,,,,,,,,,,,,,,,,,,,,,,,,,,
322,Australia,2005,,,,,,,,,,,,,,,,,,,,,,,,,,,,,,,,,,,,,
323,Austria,2005,,,,,,,,,,,,,,,,,,,,,,,,,,,,,,,,,,,,,
324,Azerbaijan,2005,,,,,,,,,,,,,,,,,,,,,,,,,,,,,,,,,,,,,
325,Belarus,2005,,,,,,,,,,,,,,,,,,,,,,,,,,,,,,,,,,,,,
326,Belgium,2005,,,,,,,,,,,,,,,,,,,,,,,,,,,,,,,,,,,,,
327,Bulgaria,2005,,,,,,,,,,,,,,,,,,,,,,,,,,,,,,,,,,,,,
328,Canada,2005,,,,,,,,,,,,,,,,,,,,,,,,,,,,,,,,,,,,,
329,China,2005,,,,,,,,,,,,,,,,,,,,,,,,,,,,,,,,,,,,,
330,Croatia,2005,,,,,,,,,,,,,,,,,,,,,,,,,,,,,,,,,,,,,
331,Czech Republic,2005,,,,,,,,,,,,,,,,,,,,,,,,,,,,,,,,,,,,,
332,Denmark,2005,,,,,,,,,,,,,,,,,,,,,,,,,,,,,,,,,,,,,
333,Estonia,2005,,,,,,,,,,,,,,,,,,,,,,,,,,,,,,,,,,,,,
334,Finland,2005,,,,,,,,,,,,,,,,,,,,,,,,,,,,,,,,,,,,,
335,France,2005,,,,,,,,,,,,,,,,,,,,,,,,,,,,,,,,,,,,,
336,Georgia,2005,,,,,,,,,,,,,,,,,,,,,,,,,,,,,,,,,,,,,
337,Germany,2005,,,,,,,,,,,,,,,,,,,,,,,,,,,,,,,,,,,,,
338,Greece,2005,,,,,,,,,,,,,,,,,,,,,,,,,,,,,,,,,,,,,
339,Hungary,2005,,,,,,,,,,,,,,,,,,,,,,,,,,,,,,,,,,,,,
340,Iceland,2005,,,,,,,,,,,,,,,,,,,,,,,,,,,,,,,,,,,,,
341,India,2005,,,,,,,,,,,,,,,,,,,,,,,,,,,,,,,,,,,,,
342,Ireland,2005,,,,,,,,,,,,,,,,,,,,,,,,,,,,,,,,,,,,,
343,Italy,2005,,,,,,,,,,,,,,,,,,,,,,,,,,,,,,,,,,,,,
344,Japan,2005,,,,,,,,,,,,,,,,,,,,,,,,,,,,,,,,,,,,,
345,Korea,2005,,,,,,,,,,,,,,,,,,,,,,,,,,,,,,,,,,,,,
346,Latvia,2005,,,,,,,,,,,,,,,,,,,,,,,,,,,,,,,,,,,,,
347,Lithuania,2005,,,,,,,,,,,,,,,,,,,,,,,,,,,,,,,,,,,,,
348,Luxembourg,2005,,,,,,,,,,,,,,,,,,,,,,,,,,,,,,,,,,,,,
349,Malta,2005,,,,,,,,,,,,,,,,,,,,,,,,,,,,,,,,,,,,,
350,Mexico,2005,,,,,,,,,,,,,,,,,,,,,,,,,,,,,,,,,,,,,
351,Moldova,2005,,,,,,,,,,,,,,,,,,,,,,,,,,,,,,,,,,,,,
352,"Montenegro, Republic of",2005,,,,,,,,,,,,,,,,,,,,,,,,,,,,,,,,,,,,,
353,Netherlands,2005,,,,,,,,,,,,,,,,,,,,,,,,,,,,,,,,,,,,,
354,New Zealand,2005,,,,,,,,,,,,,,,,,,,,,,,,,,,,,,,,,,,,,
355,Norway,2005,,,,,,,,,,,,,,,,,,,,,,,,,,,,,,,,,,,,,
356,Poland,2005,,,,,,,,,,,,,,,,,,,,,,,,,,,,,,,,,,,,,
357,Portugal,2005,,,,,,,,,,,,,,,,,,,,,,,,,,,,,,,,,,,,,
358,Romania,2005,,,,,,,,,,,,,,,,,,,,,,,,,,,,,,,,,,,,,
359,Russian Federation,2005,,,,,,,,,,,,,,,,,,,,,,,,,,,,,,,,,,,,,
360,"Serbia, Republic of",2005,,,,,,,,,,,,,,,,,,,,,,,,,,,,,,,,,,,,,
361,Slovak Republic,2005,,,,,,,,,,,,,,,,,,,,,,,,,,,,,,,,,,,,,
362,Slovenia,2005,,,,,,,,,,,,,,,,,,,,,,,,,,,,,,,,,,,,,
363,Spain,2005,,,,,,,,,,,,,,,,,,,,,,,,,,,,,,,,,,,,,
364,Sweden,2005,,,,,,,,,,,,,,,,,,,,,,,,,,,,,,,,,,,,,
365,Switzerland,2005,,,,,,,,,,,,,,,,,,,,,,,,,,,,,,,,,,,,,
366,Turkey,2005,,,,,,,,,,,,,,,,,,,,,,,,,,,,,,,,,,,,,
367,United Kingdom,2005,,,,,,,,,,,,,,,,,,,,,,,,,,,,,,,,,,,,,
368,United States,2005,,,,,,,,,,,,,,,,,,,,,,,,,,,,,,,,,,,,,
369,Chile,2005,,,,,,,,,,,,,,,,,,,,,,,,,,,,,,,,,,,,,
370,Argentina,2005,,,,,,,,,,,,,,,,,,,,,,,,,,,,,,,,,,,,,
371,Bosnia-Herzegovina,2005,,,,,,,,,,,,,,,,,,,,,,,,,,,,,,,,,,,,,
372,Israel,2005,,,,,,,,,,,,,,,,,,,,,,,,,,,,,,,,,,,,,
373,Kazakhstan,2005,,,,,,,,,,,,,,,,,,,,,,,,,,,,,,,,,,,,,
374,Liechtenstein,2005,,,,,,,,,,,,,,,,,,,,,,,,,,,,,,,,,,,,,
375,North Macedonia,2005,,,,,,,,,,,,,,,,,,,,,,,,,,,,,,,,,,,,,
376,Ukraine,2005,,,,,,,,,,,,,,,,,,,,,,,,,,,,,,,,,,,,,
377,Uzbekistan,2005,,,,,,,,,,,,,,,,,,,,,,,,,,,,,,,,,,,,,
378,"""Montenegro, Republic of""",2005,,,,,,,,,,,,,,,,,,,,,,,,,,,,,,,,,,,,,
379,"""Serbia, Republic of""",2005,,,,,,,,,,,,,,,,,,,,,,,,,,,,,,,,,,,,,
380,Colombia,2005,,,,,,,,,,,,,,,,,,,,,,,,,,,,,,,,,,,,,
381,Serbia,2005,,,,,,,,,,,,,,,,,,,,,,,,,,,,,,,,,,,,,
382, United Kingdom,2005,,,,,,,,,,,,,,,,,,,,,,,,,,,,,,,,,,,,,
383,Northern Ireland,2005,,,,,,,,,,,,,,,,,,,,,,,,,,,,,,,,,,,,,
384,Albania,2006,,,,,,,,,,,,,,,,,,,,,,,,,,,,,,,,,,,,,
385,Armenia,2006,,,,,,,,,,,,,,,,,,,,,,,,,,,,,,,,,,,,,
386,Australia,2006,,,,,,,,,,,,,,,,,,,,,,,,,,,,,,,,,,,,,
387,Austria,2006,,,,,,,,,,,,,,,,,,,,,,,,,,,,,,,,,,,,,
388,Azerbaijan,2006,,,,,,,,,,,,,,,,,,,,,,,,,,,,,,,,,,,,,
389,Belarus,2006,,,,,,,,,,,,,,,,,,,,,,,,,,,,,,,,,,,,,
390,Belgium,2006,,,,,,,,,,,,,,,,,,,,,,,,,,,,,,,,,,,,,
391,Bulgaria,2006,,,,,,,,,,,,,,,,,,,,,,,,,,,,,,,,,,,,,
392,Canada,2006,,,,,,,,,,,,,,,,,,,,,,,,,,,,,,,,,,,,,
393,China,2006,,,,,,,,,,,,,,,,,,,,,,,,,,,,,,,,,,,,,
394,Croatia,2006,,,,,,,,,,,,,,,,,,,,,,,,,,,,,,,,,,,,,
395,Czech Republic,2006,,,,,,,,,,,,,,,,,,,,,,,,,,,,,,,,,,,,,
396,Denmark,2006,,,,,,,,,,,,,,,,,,,,,,,,,,,,,,,,,,,,,
397,Estonia,2006,,,,,,,,,,,,,,,,,,,,,,,,,,,,,,,,,,,,,
398,Finland,2006,,,,,,,,,,,,,,,,,,,,,,,,,,,,,,,,,,,,,
399,France,2006,,,,,,,,,,,,,,,,,,,,,,,,,,,,,,,,,,,,,
400,Georgia,2006,,,,,,,,,,,,,,,,,,,,,,,,,,,,,,,,,,,,,
401,Germany,2006,,,,,,,,,,,,,,,,,,,,,,,,,,,,,,,,,,,,,
402,Greece,2006,,,,,,,,,,,,,,,,,,,,,,,,,,,,,,,,,,,,,
403,Hungary,2006,,,,,,,,,,,,,,,,,,,,,,,,,,,,,,,,,,,,,
404,Iceland,2006,,,,,,,,,,,,,,,,,,,,,,,,,,,,,,,,,,,,,
405,India,2006,,,,,,,,,,,,,,,,,,,,,,,,,,,,,,,,,,,,,
406,Ireland,2006,,,,,,,,,,,,,,,,,,,,,,,,,,,,,,,,,,,,,
407,Italy,2006,,,,,,,,,,,,,,,,,,,,,,,,,,,,,,,,,,,,,
408,Japan,2006,,,,,,,,,,,,,,,,,,,,,,,,,,,,,,,,,,,,,
409,Korea,2006,,,,,,,,,,,,,,,,,,,,,,,,,,,,,,,,,,,,,
410,Latvia,2006,,,,,,,,,,,,,,,,,,,,,,,,,,,,,,,,,,,,,
411,Lithuania,2006,,,,,,,,,,,,,,,,,,,,,,,,,,,,,,,,,,,,,
412,Luxembourg,2006,,,,,,,,,,,,,,,,,,,,,,,,,,,,,,,,,,,,,
413,Malta,2006,,,,,,,,,,,,,,,,,,,,,,,,,,,,,,,,,,,,,
414,Mexico,2006,,,,,,,,,,,,,,,,,,,,,,,,,,,,,,,,,,,,,
415,Moldova,2006,,,,,,,,,,,,,,,,,,,,,,,,,,,,,,,,,,,,,
416,"Montenegro, Republic of",2006,,,,,,,,,,,,,,,,,,,,,,,,,,,,,,,,,,,,,
417,Netherlands,2006,,,,,,,,,,,,,,,,,,,,,,,,,,,,,,,,,,,,,
418,New Zealand,2006,,,,,,,,,,,,,,,,,,,,,,,,,,,,,,,,,,,,,
419,Norway,2006,,,,,,,,,,,,,,,,,,,,,,,,,,,,,,,,,,,,,
420,Poland,2006,,,,,,,,,,,,,,,,,,,,,,,,,,,,,,,,,,,,,
421,Portugal,2006,,,,,,,,,,,,,,,,,,,,,,,,,,,,,,,,,,,,,
422,Romania,2006,,,,,,,,,,,,,,,,,,,,,,,,,,,,,,,,,,,,,
423,Russian Federation,2006,,,,,,,,,,,,,,,,,,,,,,,,,,,,,,,,,,,,,
424,"Serbia, Republic of",2006,,,,,,,,,,,,,,,,,,,,,,,,,,,,,,,,,,,,,
425,Slovak Republic,2006,,,,,,,,,,,,,,,,,,,,,,,,,,,,,,,,,,,,,
426,Slovenia,2006,,,,,,,,,,,,,,,,,,,,,,,,,,,,,,,,,,,,,
427,Spain,2006,,,,,,,,,,,,,,,,,,,,,,,,,,,,,,,,,,,,,
428,Sweden,2006,,,,,,,,,,,,,,,,,,,,,,,,,,,,,,,,,,,,,
429,Switzerland,2006,,,,,,,,,,,,,,,,,,,,,,,,,,,,,,,,,,,,,
430,Turkey,2006,,,,,,,,,,,,,,,,,,,,,,,,,,,,,,,,,,,,,
431,United Kingdom,2006,,,,,,,,,,,,,,,,,,,,,,,,,,,,,,,,,,,,,
432,United States,2006,,,,,,,,,,,,,,,,,,,,,,,,,,,,,,,,,,,,,
433,Chile,2006,,,,,,,,,,,,,,,,,,,,,,,,,,,,,,,,,,,,,
434,Argentina,2006,,,,,,,,,,,,,,,,,,,,,,,,,,,,,,,,,,,,,
435,Bosnia-Herzegovina,2006,,,,,,,,,,,,,,,,,,,,,,,,,,,,,,,,,,,,,
436,Israel,2006,,,,,,,,,,,,,,,,,,,,,,,,,,,,,,,,,,,,,
437,Kazakhstan,2006,,,,,,,,,,,,,,,,,,,,,,,,,,,,,,,,,,,,,
438,Liechtenstein,2006,,,,,,,,,,,,,,,,,,,,,,,,,,,,,,,,,,,,,
439,North Macedonia,2006,,,,,,,,,,,,,,,,,,,,,,,,,,,,,,,,,,,,,
440,Ukraine,2006,,,,,,,,,,,,,,,,,,,,,,,,,,,,,,,,,,,,,
441,Uzbekistan,2006,,,,,,,,,,,,,,,,,,,,,,,,,,,,,,,,,,,,,
442,"""Montenegro, Republic of""",2006,,,,,,,,,,,,,,,,,,,,,,,,,,,,,,,,,,,,,
443,"""Serbia, Republic of""",2006,,,,,,,,,,,,,,,,,,,,,,,,,,,,,,,,,,,,,
444,Colombia,2006,,,,,,,,,,,,,,,,,,,,,,,,,,,,,,,,,,,,,
445,Serbia,2006,,,,,,,,,,,,,,,,,,,,,,,,,,,,,,,,,,,,,
446, United Kingdom,2006,,,,,,,,,,,,,,,,,,,,,,,,,,,,,,,,,,,,,
447,Northern Ireland,2006,,,,,,,,,,,,,,,,,,,,,,,,,,,,,,,,,,,,,
448,Albania,2007,,,,,,,,,,,,,,,,,,,,,,,,,,,,,,,,,,,,,
449,Armenia,2007,,,,,,,,,,,,,,,,,,,,,,,,,,,,,,,,,,,,,
450,Australia,2007,,,,,,,,,,,,,,,,,,,,,,,,,,,,,,,,,,,,,
451,Austria,2007,,,,,,,,,,,,,,,,,,,,,,,,,,,,,,,,,,,,,
452,Azerbaijan,2007,,,,,,,,,,,,,,,,,,,,,,,,,,,,,,,,,,,,,
453,Belarus,2007,,,,,,,,,,,,,,,,,,,,,,,,,,,,,,,,,,,,,
454,Belgium,2007,,,,,,,,,,,,,,,,,,,,,,,,,,,,,,,,,,,,,
455,Bulgaria,2007,,,,,,,,,,,,,,,,,,,,,,,,,,,,,,,,,,,,,
456,Canada,2007,,,,,,,,,,,,,,,,,,,,,,,,,,,,,,,,,,,,,
457,China,2007,,,,,,,,,,,,,,,,,,,,,,,,,,,,,,,,,,,,,
458,Croatia,2007,,,,,,,,,,,,,,,,,,,,,,,,,,,,,,,,,,,,,
459,Czech Republic,2007,,,,,,,,,,,,,,,,,,,,,,,,,,,,,,,,,,,,,
460,Denmark,2007,,,,,,,,,,,,,,,,,,,,,,,,,,,,,,,,,,,,,
461,Estonia,2007,,,,,,,,,,,,,,,,,,,,,,,,,,,,,,,,,,,,,
462,Finland,2007,,,,,,,,,,,,,,,,,,,,,,,,,,,,,,,,,,,,,
463,France,2007,,,,,,,,,,,,,,,,,,,,,,,,,,,,,,,,,,,,,
464,Georgia,2007,,,,,,,,,,,,,,,,,,,,,,,,,,,,,,,,,,,,,
465,Germany,2007,,,,,,,,,,,,,,,,,,,,,,,,,,,,,,,,,,,,,
466,Greece,2007,,,,,,,,,,,,,,,,,,,,,,,,,,,,,,,,,,,,,
467,Hungary,2007,,,,,,,,,,,,,,,,,,,,,,,,,,,,,,,,,,,,,
468,Iceland,2007,,,,,,,,,,,,,,,,,,,,,,,,,,,,,,,,,,,,,
469,India,2007,,,,,,,,,,,,,,,,,,,,,,,,,,,,,,,,,,,,,
470,Ireland,2007,,,,,,,,,,,,,,,,,,,,,,,,,,,,,,,,,,,,,
471,Italy,2007,,,,,,,,,,,,,,,,,,,,,,,,,,,,,,,,,,,,,
472,Japan,2007,,,,,,,,,,,,,,,,,,,,,,,,,,,,,,,,,,,,,
473,Korea,2007,,,,,,,,,,,,,,,,,,,,,,,,,,,,,,,,,,,,,
474,Latvia,2007,,,,,,,,,,,,,,,,,,,,,,,,,,,,,,,,,,,,,
475,Lithuania,2007,,,,,,,,,,,,,,,,,,,,,,,,,,,,,,,,,,,,,
476,Luxembourg,2007,,,,,,,,,,,,,,,,,,,,,,,,,,,,,,,,,,,,,
477,Malta,2007,,,,,,,,,,,,,,,,,,,,,,,,,,,,,,,,,,,,,
478,Mexico,2007,,,,,,,,,,,,,,,,,,,,,,,,,,,,,,,,,,,,,
479,Moldova,2007,,,,,,,,,,,,,,,,,,,,,,,,,,,,,,,,,,,,,
480,"Montenegro, Republic of",2007,,,,,,,,,,,,,,,,,,,,,,,,,,,,,,,,,,,,,
481,Netherlands,2007,,,,,,,,,,,,,,,,,,,,,,,,,,,,,,,,,,,,,
482,New Zealand,2007,,,,,,,,,,,,,,,,,,,,,,,,,,,,,,,,,,,,,
483,Norway,2007,,,,,,,,,,,,,,,,,,,,,,,,,,,,,,,,,,,,,
484,Poland,2007,,,,,,,,,,,,,,,,,,,,,,,,,,,,,,,,,,,,,
485,Portugal,2007,,,,,,,,,,,,,,,,,,,,,,,,,,,,,,,,,,,,,
486,Romania,2007,,,,,,,,,,,,,,,,,,,,,,,,,,,,,,,,,,,,,
487,Russian Federation,2007,,,,,,,,,,,,,,,,,,,,,,,,,,,,,,,,,,,,,
488,"Serbia, Republic of",2007,,,,,,,,,,,,,,,,,,,,,,,,,,,,,,,,,,,,,
489,Slovak Republic,2007,,,,,,,,,,,,,,,,,,,,,,,,,,,,,,,,,,,,,
490,Slovenia,2007,,,,,,,,,,,,,,,,,,,,,,,,,,,,,,,,,,,,,
491,Spain,2007,,,,,,,,,,,,,,,,,,,,,,,,,,,,,,,,,,,,,
492,Sweden,2007,,,,,,,,,,,,,,,,,,,,,,,,,,,,,,,,,,,,,
493,Switzerland,2007,,,,,,,,,,,,,,,,,,,,,,,,,,,,,,,,,,,,,
494,Turkey,2007,,,,,,,,,,,,,,,,,,,,,,,,,,,,,,,,,,,,,
495,United Kingdom,2007,,,,,,,,,,,,,,,,,,,,,,,,,,,,,,,,,,,,,
496,United States,2007,,,,,,,,,,,,,,,,,,,,,,,,,,,,,,,,,,,,,
497,Chile,2007,,,,,,,,,,,,,,,,,,,,,,,,,,,,,,,,,,,,,
498,Argentina,2007,,,,,,,,,,,,,,,,,,,,,,,,,,,,,,,,,,,,,
499,Bosnia-Herzegovina,2007,,,,,,,,,,,,,,,,,,,,,,,,,,,,,,,,,,,,,
500,Israel,2007,,,,,,,,,,,,,,,,,,,,,,,,,,,,,,,,,,,,,
501,Kazakhstan,2007,,,,,,,,,,,,,,,,,,,,,,,,,,,,,,,,,,,,,
502,Liechtenstein,2007,,,,,,,,,,,,,,,,,,,,,,,,,,,,,,,,,,,,,
503,North Macedonia,2007,,,,,,,,,,,,,,,,,,,,,,,,,,,,,,,,,,,,,
504,Ukraine,2007,,,,,,,,,,,,,,,,,,,,,,,,,,,,,,,,,,,,,
505,Uzbekistan,2007,,,,,,,,,,,,,,,,,,,,,,,,,,,,,,,,,,,,,
506,"""Montenegro, Republic of""",2007,,,,,,,,,,,,,,,,,,,,,,,,,,,,,,,,,,,,,
507,"""Serbia, Republic of""",2007,,,,,,,,,,,,,,,,,,,,,,,,,,,,,,,,,,,,,
508,Colombia,2007,,,,,,,,,,,,,,,,,,,,,,,,,,,,,,,,,,,,,
509,Serbia,2007,,,,,,,,,,,,,,,,,,,,,,,,,,,,,,,,,,,,,
510, United Kingdom,2007,,,,,,,,,,,,,,,,,,,,,,,,,,,,,,,,,,,,,
511,Northern Ireland,2007,,,,,,,,,,,,,,,,,,,,,,,,,,,,,,,,,,,,,
512,Albania,2008,,,,,,,,,,,,,,,,,,,,,,,,,,,,,,,,,,,,,
513,Armenia,2008,,,,,,,,,,,,,,,,,,,,,,,,,,,,,,,,,,,,,
514,Australia,2008,,,,,,,,,,,,,,,,,,,,,,,,,,,,,,,,,,,,,
515,Austria,2008,,,,,,,,,,,,,,,,,,,,,,,,,,,,,,,,,,,,,
516,Azerbaijan,2008,,,,,,,,,,,,,,,,,,,,,,,,,,,,,,,,,,,,,
517,Belarus,2008,,,,,,,,,,,,,,,,,,,,,,,,,,,,,,,,,,,,,
518,Belgium,2008,,,,,,,,,,,,,,,,,,,,,,,,,,,,,,,,,,,,,
519,Bulgaria,2008,,,,,,,,,,,,,,,,,,,,,,,,,,,,,,,,,,,,,
520,Canada,2008,,,,,,,,,,,,,,,,,,,,,,,,,,,,,,,,,,,,,
521,China,2008,,,,,,,,,,,,,,,,,,,,,,,,,,,,,,,,,,,,,
522,Croatia,2008,,,,,,,,,,,,,,,,,,,,,,,,,,,,,,,,,,,,,
523,Czech Republic,2008,,,,,,,,,,,,,,,,,,,,,,,,,,,,,,,,,,,,,
524,Denmark,2008,,,,,,,,,,,,,,,,,,,,,,,,,,,,,,,,,,,,,
525,Estonia,2008,,,,,,,,,,,,,,,,,,,,,,,,,,,,,,,,,,,,,
526,Finland,2008,,,,,,,,,,,,,,,,,,,,,,,,,,,,,,,,,,,,,
527,France,2008,,,,,,,,,,,,,,,,,,,,,,,,,,,,,,,,,,,,,
528,Georgia,2008,,,,,,,,,,,,,,,,,,,,,,,,,,,,,,,,,,,,,
529,Germany,2008,,,,,,,,,,,,,,,,,,,,,,,,,,,,,,,,,,,,,
530,Greece,2008,,,,,,,,,,,,,,,,,,,,,,,,,,,,,,,,,,,,,
531,Hungary,2008,,,,,,,,,,,,,,,,,,,,,,,,,,,,,,,,,,,,,
532,Iceland,2008,,,,,,,,,,,,,,,,,,,,,,,,,,,,,,,,,,,,,
533,India,2008,,,,,,,,,,,,,,,,,,,,,,,,,,,,,,,,,,,,,
534,Ireland,2008,,,,,,,,,,,,,,,,,,,,,,,,,,,,,,,,,,,,,
535,Italy,2008,,,,,,,,,,,,,,,,,,,,,,,,,,,,,,,,,,,,,
536,Japan,2008,,,,,,,,,,,,,,,,,,,,,,,,,,,,,,,,,,,,,
537,Korea,2008,,,,,,,,,,,,,,,,,,,,,,,,,,,,,,,,,,,,,
538,Latvia,2008,,,,,,,,,,,,,,,,,,,,,,,,,,,,,,,,,,,,,
539,Lithuania,2008,,,,,,,,,,,,,,,,,,,,,,,,,,,,,,,,,,,,,
540,Luxembourg,2008,,,,,,,,,,,,,,,,,,,,,,,,,,,,,,,,,,,,,
541,Malta,2008,,,,,,,,,,,,,,,,,,,,,,,,,,,,,,,,,,,,,
542,Mexico,2008,,,,,,,,,,,,,,,,,,,,,,,,,,,,,,,,,,,,,
543,Moldova,2008,,,,,,,,,,,,,,,,,,,,,,,,,,,,,,,,,,,,,
544,"Montenegro, Republic of",2008,,,,,,,,,,,,,,,,,,,,,,,,,,,,,,,,,,,,,
545,Netherlands,2008,,,,,,,,,,,,,,,,,,,,,,,,,,,,,,,,,,,,,
546,New Zealand,2008,,,,,,,,,,,,,,,,,,,,,,,,,,,,,,,,,,,,,
547,Norway,2008,,,,,,,,,,,,,,,,,,,,,,,,,,,,,,,,,,,,,
548,Poland,2008,,,,,,,,,,,,,,,,,,,,,,,,,,,,,,,,,,,,,
549,Portugal,2008,,,,,,,,,,,,,,,,,,,,,,,,,,,,,,,,,,,,,
550,Romania,2008,,,,,,,,,,,,,,,,,,,,,,,,,,,,,,,,,,,,,
551,Russian Federation,2008,,,,,,,,,,,,,,,,,,,,,,,,,,,,,,,,,,,,,
552,"Serbia, Republic of",2008,,,,,,,,,,,,,,,,,,,,,,,,,,,,,,,,,,,,,
553,Slovak Republic,2008,,,,,,,,,,,,,,,,,,,,,,,,,,,,,,,,,,,,,
554,Slovenia,2008,,,,,,,,,,,,,,,,,,,,,,,,,,,,,,,,,,,,,
555,Spain,2008,,,,,,,,,,,,,,,,,,,,,,,,,,,,,,,,,,,,,
556,Sweden,2008,,,,,,,,,,,,,,,,,,,,,,,,,,,,,,,,,,,,,
557,Switzerland,2008,,,,,,,,,,,,,,,,,,,,,,,,,,,,,,,,,,,,,
558,Turkey,2008,,,,,,,,,,,,,,,,,,,,,,,,,,,,,,,,,,,,,
559,United Kingdom,2008,,,,,,,,,,,,,,,,,,,,,,,,,,,,,,,,,,,,,
560,United States,2008,,,,,,,,,,,,,,,,,,,,,,,,,,,,,,,,,,,,,
561,Chile,2008,,,,,,,,,,,,,,,,,,,,,,,,,,,,,,,,,,,,,
562,Argentina,2008,,,,,,,,,,,,,,,,,,,,,,,,,,,,,,,,,,,,,
563,Bosnia-Herzegovina,2008,,,,,,,,,,,,,,,,,,,,,,,,,,,,,,,,,,,,,
564,Israel,2008,,,,,,,,,,,,,,,,,,,,,,,,,,,,,,,,,,,,,
565,Kazakhstan,2008,,,,,,,,,,,,,,,,,,,,,,,,,,,,,,,,,,,,,
566,Liechtenstein,2008,,,,,,,,,,,,,,,,,,,,,,,,,,,,,,,,,,,,,
567,North Macedonia,2008,,,,,,,,,,,,,,,,,,,,,,,,,,,,,,,,,,,,,
568,Ukraine,2008,,,,,,,,,,,,,,,,,,,,,,,,,,,,,,,,,,,,,
569,Uzbekistan,2008,,,,,,,,,,,,,,,,,,,,,,,,,,,,,,,,,,,,,
570,"""Montenegro, Republic of""",2008,,,,,,,,,,,,,,,,,,,,,,,,,,,,,,,,,,,,,
571,"""Serbia, Republic of""",2008,,,,,,,,,,,,,,,,,,,,,,,,,,,,,,,,,,,,,
572,Colombia,2008,,,,,,,,,,,,,,,,,,,,,,,,,,,,,,,,,,,,,
573,Serbia,2008,,,,,,,,,,,,,,,,,,,,,,,,,,,,,,,,,,,,,
574, United Kingdom,2008,,,,,,,,,,,,,,,,,,,,,,,,,,,,,,,,,,,,,
575,Northern Ireland,2008,,,,,,,,,,,,,,,,,,,,,,,,,,,,,,,,,,,,,
576,Albania,2009,,,,,,,,,,,,,,,,,,,,,,,,,,,,,,,,,,,,,
577,Armenia,2009,,,,,,,,,,,,,,,,,,,,,,,,,,,,,,,,,,,,,
578,Australia,2009,,,,,,,,,,,,,,,,,,,,,,,,,,,,,,,,,,,,,
579,Austria,2009,,,,,,,,,,,,,,,,,,,,,,,,,,,,,,,,,,,,,
580,Azerbaijan,2009,,,,,,,,,,,,,,,,,,,,,,,,,,,,,,,,,,,,,
581,Belarus,2009,,,,,,,,,,,,,,,,,,,,,,,,,,,,,,,,,,,,,
582,Belgium,2009,,,,,,,,,,,,,,,,,,,,,,,,,,,,,,,,,,,,,
583,Bulgaria,2009,,,,,,,,,,,,,,,,,,,,,,,,,,,,,,,,,,,,,
584,Canada,2009,,,,,,,,,,,,,,,,,,,,,,,,,,,,,,,,,,,,,
585,China,2009,,,,,,,,,,,,,,,,,,,,,,,,,,,,,,,,,,,,,
586,Croatia,2009,,,,,,,,,,,,,,,,,,,,,,,,,,,,,,,,,,,,,
587,Czech Republic,2009,,,,,,,,,,,,,,,,,,,,,,,,,,,,,,,,,,,,,
588,Denmark,2009,,,,,,,,,,,,,,,,,,,,,,,,,,,,,,,,,,,,,
589,Estonia,2009,,,,,,,,,,,,,,,,,,,,,,,,,,,,,,,,,,,,,
590,Finland,2009,,,,,,,,,,,,,,,,,,,,,,,,,,,,,,,,,,,,,
591,France,2009,,,,,,,,,,,,,,,,,,,,,,,,,,,,,,,,,,,,,
592,Georgia,2009,,,,,,,,,,,,,,,,,,,,,,,,,,,,,,,,,,,,,
593,Germany,2009,,,,,,,,,,,,,,,,,,,,,,,,,,,,,,,,,,,,,
594,Greece,2009,,,,,,,,,,,,,,,,,,,,,,,,,,,,,,,,,,,,,
595,Hungary,2009,,,,,,,,,,,,,,,,,,,,,,,,,,,,,,,,,,,,,
596,Iceland,2009,,,,,,,,,,,,,,,,,,,,,,,,,,,,,,,,,,,,,
597,India,2009,,,,,,,,,,,,,,,,,,,,,,,,,,,,,,,,,,,,,
598,Ireland,2009,,,,,,,,,,,,,,,,,,,,,,,,,,,,,,,,,,,,,
599,Italy,2009,,,,,,,,,,,,,,,,,,,,,,,,,,,,,,,,,,,,,
600,Japan,2009,,,,,,,,,,,,,,,,,,,,,,,,,,,,,,,,,,,,,
601,Korea,2009,,,,,,,,,,,,,,,,,,,,,,,,,,,,,,,,,,,,,
602,Latvia,2009,,,,,,,,,,,,,,,,,,,,,,,,,,,,,,,,,,,,,
603,Lithuania,2009,,,,,,,,,,,,,,,,,,,,,,,,,,,,,,,,,,,,,
604,Luxembourg,2009,,,,,,,,,,,,,,,,,,,,,,,,,,,,,,,,,,,,,
605,Malta,2009,,,,,,,,,,,,,,,,,,,,,,,,,,,,,,,,,,,,,
606,Mexico,2009,,,,,,,,,,,,,,,,,,,,,,,,,,,,,,,,,,,,,
607,Moldova,2009,,,,,,,,,,,,,,,,,,,,,,,,,,,,,,,,,,,,,
608,"Montenegro, Republic of",2009,,,,,,,,,,,,,,,,,,,,,,,,,,,,,,,,,,,,,
609,Netherlands,2009,,,,,,,,,,,,,,,,,,,,,,,,,,,,,,,,,,,,,
610,New Zealand,2009,,,,,,,,,,,,,,,,,,,,,,,,,,,,,,,,,,,,,
611,Norway,2009,,,,,,,,,,,,,,,,,,,,,,,,,,,,,,,,,,,,,
612,Poland,2009,,,,,,,,,,,,,,,,,,,,,,,,,,,,,,,,,,,,,
613,Portugal,2009,,,,,,,,,,,,,,,,,,,,,,,,,,,,,,,,,,,,,
614,Romania,2009,,,,,,,,,,,,,,,,,,,,,,,,,,,,,,,,,,,,,
615,Russian Federation,2009,,,,,,,,,,,,,,,,,,,,,,,,,,,,,,,,,,,,,
616,"Serbia, Republic of",2009,,,,,,,,,,,,,,,,,,,,,,,,,,,,,,,,,,,,,
617,Slovak Republic,2009,,,,,,,,,,,,,,,,,,,,,,,,,,,,,,,,,,,,,
618,Slovenia,2009,,,,,,,,,,,,,,,,,,,,,,,,,,,,,,,,,,,,,
619,Spain,2009,,,,,,,,,,,,,,,,,,,,,,,,,,,,,,,,,,,,,
620,Sweden,2009,,,,,,,,,,,,,,,,,,,,,,,,,,,,,,,,,,,,,
621,Switzerland,2009,,,,,,,,,,,,,,,,,,,,,,,,,,,,,,,,,,,,,
622,Turkey,2009,,,,,,,,,,,,,,,,,,,,,,,,,,,,,,,,,,,,,
623,United Kingdom,2009,,,,,,,,,,,,,,,,,,,,,,,,,,,,,,,,,,,,,
624,United States,2009,,,,,,,,,,,,,,,,,,,,,,,,,,,,,,,,,,,,,
625,Chile,2009,,,,,,,,,,,,,,,,,,,,,,,,,,,,,,,,,,,,,
626,Argentina,2009,,,,,,,,,,,,,,,,,,,,,,,,,,,,,,,,,,,,,
627,Bosnia-Herzegovina,2009,,,,,,,,,,,,,,,,,,,,,,,,,,,,,,,,,,,,,
628,Israel,2009,,,,,,,,,,,,,,,,,,,,,,,,,,,,,,,,,,,,,
629,Kazakhstan,2009,,,,,,,,,,,,,,,,,,,,,,,,,,,,,,,,,,,,,
630,Liechtenstein,2009,,,,,,,,,,,,,,,,,,,,,,,,,,,,,,,,,,,,,
631,North Macedonia,2009,,,,,,,,,,,,,,,,,,,,,,,,,,,,,,,,,,,,,
632,Ukraine,2009,,,,,,,,,,,,,,,,,,,,,,,,,,,,,,,,,,,,,
633,Uzbekistan,2009,,,,,,,,,,,,,,,,,,,,,,,,,,,,,,,,,,,,,
634,"""Montenegro, Republic of""",2009,,,,,,,,,,,,,,,,,,,,,,,,,,,,,,,,,,,,,
635,"""Serbia, Republic of""",2009,,,,,,,,,,,,,,,,,,,,,,,,,,,,,,,,,,,,,
636,Colombia,2009,,,,,,,,,,,,,,,,,,,,,,,,,,,,,,,,,,,,,
637,Serbia,2009,,,,,,,,,,,,,,,,,,,,,,,,,,,,,,,,,,,,,
638, United Kingdom,2009,,,,,,,,,,,,,,,,,,,,,,,,,,,,,,,,,,,,,
639,Northern Ireland,2009,,,,,,,,,,,,,,,,,,,,,,,,,,,,,,,,,,,,,
640,Albania,2010,,,,,,,,,,,,,,,,,,,,,,,,,,,,,,,,,,,,,
641,Armenia,2010,,,,,,,,,,,,,,,,,,,,,,,,,,,,,,,,,,,,,
642,Australia,2010,,,,,,,,,,,,,,,,,,,,,,,,,,,,,,,,,,,,,
643,Austria,2010,,,,,,,,,,,,,,,,,,,,,,,,,,,,,,,,,,,,,
644,Azerbaijan,2010,,,,,,,,,,,,,,,,,,,,,,,,,,,,,,,,,,,,,
645,Belarus,2010,,,,,,,,,,,,,,,,,,,,,,,,,,,,,,,,,,,,,
646,Belgium,2010,,,,,,,,,,,,,,,,,,,,,,,,,,,,,,,,,,,,,
647,Bulgaria,2010,,,,,,,,,,,,,,,,,,,,,,,,,,,,,,,,,,,,,
648,Canada,2010,,,,,,,,,,,,,,,,,,,,,,,,,,,,,,,,,,,,,
649,China,2010,,,,,,,,,,,,,,,,,,,,,,,,,,,,,,,,,,,,,
650,Croatia,2010,,,,,,,,,,,,,,,,,,,,,,,,,,,,,,,,,,,,,
651,Czech Republic,2010,,,,,,,,,,,,,,,,,,,,,,,,,,,,,,,,,,,,,
652,Denmark,2010,,,,,,,,,,,,,,,,,,,,,,,,,,,,,,,,,,,,,
653,Estonia,2010,,,,,,,,,,,,,,,,,,,,,,,,,,,,,,,,,,,,,
654,Finland,2010,,,,,,,,,,,,,,,,,,,,,,,,,,,,,,,,,,,,,
655,France,2010,,,,,,,,,,,,,,,,,,,,,,,,,,,,,,,,,,,,,
656,Georgia,2010,,,,,,,,,,,,,,,,,,,,,,,,,,,,,,,,,,,,,
657,Germany,2010,,,,,,,,,,,,,,,,,,,,,,,,,,,,,,,,,,,,,
658,Greece,2010,,,,,,,,,,,,,,,,,,,,,,,,,,,,,,,,,,,,,
659,Hungary,2010,,,,,,,,,,,,,,,,,,,,,,,,,,,,,,,,,,,,,
660,Iceland,2010,,,,,,,,,,,,,,,,,,,,,,,,,,,,,,,,,,,,,
661,India,2010,,,,,,,,,,,,,,,,,,,,,,,,,,,,,,,,,,,,,
662,Ireland,2010,,,,,,,,,,,,,,,,,,,,,,,,,,,,,,,,,,,,,
663,Italy,2010,,,,,,,,,,,,,,,,,,,,,,,,,,,,,,,,,,,,,
664,Japan,2010,,,,,,,,,,,,,,,,,,,,,,,,,,,,,,,,,,,,,
665,Korea,2010,,,,,,,,,,,,,,,,,,,,,,,,,,,,,,,,,,,,,
666,Latvia,2010,,,,,,,,,,,,,,,,,,,,,,,,,,,,,,,,,,,,,
667,Lithuania,2010,,,,,,,,,,,,,,,,,,,,,,,,,,,,,,,,,,,,,
668,Luxembourg,2010,,,,,,,,,,,,,,,,,,,,,,,,,,,,,,,,,,,,,
669,Malta,2010,,,,,,,,,,,,,,,,,,,,,,,,,,,,,,,,,,,,,
670,Mexico,2010,,,,,,,,,,,,,,,,,,,,,,,,,,,,,,,,,,,,,
671,Moldova,2010,,,,,,,,,,,,,,,,,,,,,,,,,,,,,,,,,,,,,
672,"Montenegro, Republic of",2010,,,,,,,,,,,,,,,,,,,,,,,,,,,,,,,,,,,,,
673,Netherlands,2010,,,,,,,,,,,,,,,,,,,,,,,,,,,,,,,,,,,,,
674,New Zealand,2010,,,,,,,,,,,,,,,,,,,,,,,,,,,,,,,,,,,,,
675,Norway,2010,,,,,,,,,,,,,,,,,,,,,,,,,,,,,,,,,,,,,
676,Poland,2010,,,,,,,,,,,,,,,,,,,,,,,,,,,,,,,,,,,,,
677,Portugal,2010,,,,,,,,,,,,,,,,,,,,,,,,,,,,,,,,,,,,,
678,Romania,2010,,,,,,,,,,,,,,,,,,,,,,,,,,,,,,,,,,,,,
679,Russian Federation,2010,,,,,,,,,,,,,,,,,,,,,,,,,,,,,,,,,,,,,
680,"Serbia, Republic of",2010,,,,,,,,,,,,,,,,,,,,,,,,,,,,,,,,,,,,,
681,Slovak Republic,2010,,,,,,,,,,,,,,,,,,,,,,,,,,,,,,,,,,,,,
682,Slovenia,2010,,,,,,,,,,,,,,,,,,,,,,,,,,,,,,,,,,,,,
683,Spain,2010,,,,,,,,,,,,,,,,,,,,,,,,,,,,,,,,,,,,,
684,Sweden,2010,,,,,,,,,,,,,,,,,,,,,,,,,,,,,,,,,,,,,
685,Switzerland,2010,,,,,,,,,,,,,,,,,,,,,,,,,,,,,,,,,,,,,
686,Turkey,2010,,,,,,,,,,,,,,,,,,,,,,,,,,,,,,,,,,,,,
687,United Kingdom,2010,,,,,,,,,,,,,,,,,,,,,,,,,,,,,,,,,,,,,
688,United States,2010,,,,,,,,,,,,,,,,,,,,,,,,,,,,,,,,,,,,,
689,Chile,2010,,,,,,,,,,,,,,,,,,,,,,,,,,,,,,,,,,,,,
690,Argentina,2010,,,,,,,,,,,,,,,,,,,,,,,,,,,,,,,,,,,,,
691,Bosnia-Herzegovina,2010,,,,,,,,,,,,,,,,,,,,,,,,,,,,,,,,,,,,,
692,Israel,2010,,,,,,,,,,,,,,,,,,,,,,,,,,,,,,,,,,,,,
693,Kazakhstan,2010,,,,,,,,,,,,,,,,,,,,,,,,,,,,,,,,,,,,,
694,Liechtenstein,2010,,,,,,,,,,,,,,,,,,,,,,,,,,,,,,,,,,,,,
695,North Macedonia,2010,,,,,,,,,,,,,,,,,,,,,,,,,,,,,,,,,,,,,
696,Ukraine,2010,,,,,,,,,,,,,,,,,,,,,,,,,,,,,,,,,,,,,
697,Uzbekistan,2010,,,,,,,,,,,,,,,,,,,,,,,,,,,,,,,,,,,,,
698,"""Montenegro, Republic of""",2010,,,,,,,,,,,,,,,,,,,,,,,,,,,,,,,,,,,,,
699,"""Serbia, Republic of""",2010,,,,,,,,,,,,,,,,,,,,,,,,,,,,,,,,,,,,,
700,Colombia,2010,,,,,,,,,,,,,,,,,,,,,,,,,,,,,,,,,,,,,
701,Serbia,2010,,,,,,,,,,,,,,,,,,,,,,,,,,,,,,,,,,,,,
702, United Kingdom,2010,,,,,,,,,,,,,,,,,,,,,,,,,,,,,,,,,,,,,
703,Northern Ireland,2010,,,,,,,,,,,,,,,,,,,,,,,,,,,,,,,,,,,,,
704,Albania,2011,,,,,,,,,,,,,,,,,,,,,,,,,,,,,,,,,,,,,
705,Armenia,2011,,,,,,,,,,,,,,,,,,,,,,,,,,,,,,,,,,,,,
706,Australia,2011,,,,,,,,,,,,,,,,,,,,,,,,,,,,,,,,,,,,,
707,Austria,2011,,,,,,,,,,,,,,,,,,,,,,,,,,,,,,,,,,,,,
708,Azerbaijan,2011,,,,,,,,,,,,,,,,,,,,,,,,,,,,,,,,,,,,,
709,Belarus,2011,,,,,,,,,,,,,,,,,,,,,,,,,,,,,,,,,,,,,
710,Belgium,2011,,,,,,,,,,,,,,,,,,,,,,,,,,,,,,,,,,,,,
711,Bulgaria,2011,,,,,,,,,,,,,,,,,,,,,,,,,,,,,,,,,,,,,
712,Canada,2011,,,,,,,,,,,,,,,,,,,,,,,,,,,,,,,,,,,,,
713,China,2011,,,,,,,,,,,,,,,,,,,,,,,,,,,,,,,,,,,,,
714,Croatia,2011,,,,,,,,,,,,,,,,,,,,,,,,,,,,,,,,,,,,,
715,Czech Republic,2011,,,,,,,,,,,,,,,,,,,,,,,,,,,,,,,,,,,,,
716,Denmark,2011,,,,,,,,,,,,,,,,,,,,,,,,,,,,,,,,,,,,,
717,Estonia,2011,,,,,,,,,,,,,,,,,,,,,,,,,,,,,,,,,,,,,
718,Finland,2011,,,,,,,,,,,,,,,,,,,,,,,,,,,,,,,,,,,,,
719,France,2011,,,,,,,,,,,,,,,,,,,,,,,,,,,,,,,,,,,,,
720,Georgia,2011,,,,,,,,,,,,,,,,,,,,,,,,,,,,,,,,,,,,,
721,Germany,2011,,,,,,,,,,,,,,,,,,,,,,,,,,,,,,,,,,,,,
722,Greece,2011,,,,,,,,,,,,,,,,,,,,,,,,,,,,,,,,,,,,,
723,Hungary,2011,,,,,,,,,,,,,,,,,,,,,,,,,,,,,,,,,,,,,
724,Iceland,2011,,,,,,,,,,,,,,,,,,,,,,,,,,,,,,,,,,,,,
725,India,2011,,,,,,,,,,,,,,,,,,,,,,,,,,,,,,,,,,,,,
726,Ireland,2011,,,,,,,,,,,,,,,,,,,,,,,,,,,,,,,,,,,,,
727,Italy,2011,,,,,,,,,,,,,,,,,,,,,,,,,,,,,,,,,,,,,
728,Japan,2011,,,,,,,,,,,,,,,,,,,,,,,,,,,,,,,,,,,,,
729,Korea,2011,,,,,,,,,,,,,,,,,,,,,,,,,,,,,,,,,,,,,
730,Latvia,2011,,,,,,,,,,,,,,,,,,,,,,,,,,,,,,,,,,,,,
731,Lithuania,2011,,,,,,,,,,,,,,,,,,,,,,,,,,,,,,,,,,,,,
732,Luxembourg,2011,,,,,,,,,,,,,,,,,,,,,,,,,,,,,,,,,,,,,
733,Malta,2011,,,,,,,,,,,,,,,,,,,,,,,,,,,,,,,,,,,,,
734,Mexico,2011,,,,,,,,,,,,,,,,,,,,,,,,,,,,,,,,,,,,,
735,Moldova,2011,,,,,,,,,,,,,,,,,,,,,,,,,,,,,,,,,,,,,
736,"Montenegro, Republic of",2011,,,,,,,,,,,,,,,,,,,,,,,,,,,,,,,,,,,,,
737,Netherlands,2011,,,,,,,,,,,,,,,,,,,,,,,,,,,,,,,,,,,,,
738,New Zealand,2011,,,,,,,,,,,,,,,,,,,,,,,,,,,,,,,,,,,,,
739,Norway,2011,,,,,,,,,,,,,,,,,,,,,,,,,,,,,,,,,,,,,
740,Poland,2011,,,,,,,,,,,,,,,,,,,,,,,,,,,,,,,,,,,,,
741,Portugal,2011,,,,,,,,,,,,,,,,,,,,,,,,,,,,,,,,,,,,,
742,Romania,2011,,,,,,,,,,,,,,,,,,,,,,,,,,,,,,,,,,,,,
743,Russian Federation,2011,,,,,,,,,,,,,,,,,,,,,,,,,,,,,,,,,,,,,
744,"Serbia, Republic of",2011,,,,,,,,,,,,,,,,,,,,,,,,,,,,,,,,,,,,,
745,Slovak Republic,2011,,,,,,,,,,,,,,,,,,,,,,,,,,,,,,,,,,,,,
746,Slovenia,2011,,,,,,,,,,,,,,,,,,,,,,,,,,,,,,,,,,,,,
747,Spain,2011,,,,,,,,,,,,,,,,,,,,,,,,,,,,,,,,,,,,,
748,Sweden,2011,,,,,,,,,,,,,,,,,,,,,,,,,,,,,,,,,,,,,
749,Switzerland,2011,,,,,,,,,,,,,,,,,,,,,,,,,,,,,,,,,,,,,
750,Turkey,2011,,,,,,,,,,,,,,,,,,,,,,,,,,,,,,,,,,,,,
751,United Kingdom,2011,,,,,,,,,,,,,,,,,,,,,,,,,,,,,,,,,,,,,
752,United States,2011,,,,,,,,,,,,,,,,,,,,,,,,,,,,,,,,,,,,,
753,Chile,2011,,,,,,,,,,,,,,,,,,,,,,,,,,,,,,,,,,,,,
754,Argentina,2011,,,,,,,,,,,,,,,,,,,,,,,,,,,,,,,,,,,,,
755,Bosnia-Herzegovina,2011,,,,,,,,,,,,,,,,,,,,,,,,,,,,,,,,,,,,,
756,Israel,2011,,,,,,,,,,,,,,,,,,,,,,,,,,,,,,,,,,,,,
757,Kazakhstan,2011,,,,,,,,,,,,,,,,,,,,,,,,,,,,,,,,,,,,,
758,Liechtenstein,2011,,,,,,,,,,,,,,,,,,,,,,,,,,,,,,,,,,,,,
759,North Macedonia,2011,,,,,,,,,,,,,,,,,,,,,,,,,,,,,,,,,,,,,
760,Ukraine,2011,,,,,,,,,,,,,,,,,,,,,,,,,,,,,,,,,,,,,
761,Uzbekistan,2011,,,,,,,,,,,,,,,,,,,,,,,,,,,,,,,,,,,,,
762,"""Montenegro, Republic of""",2011,,,,,,,,,,,,,,,,,,,,,,,,,,,,,,,,,,,,,
763,"""Serbia, Republic of""",2011,,,,,,,,,,,,,,,,,,,,,,,,,,,,,,,,,,,,,
764,Colombia,2011,,,,,,,,,,,,,,,,,,,,,,,,,,,,,,,,,,,,,
765,Serbia,2011,,,,,,,,,,,,,,,,,,,,,,,,,,,,,,,,,,,,,
766, United Kingdom,2011,,,,,,,,,,,,,,,,,,,,,,,,,,,,,,,,,,,,,
767,Northern Ireland,2011,,,,,,,,,,,,,,,,,,,,,,,,,,,,,,,,,,,,,
768,Albania,2012,,,,,,,,,,,,,,,,,,,,,,,,,,,,,,,,,,,,,
769,Armenia,2012,,,,,,,,,,,,,,,,,,,,,,,,,,,,,,,,,,,,,
770,Australia,2012,,,,,,,,,,,,,,,,,,,,,,,,,,,,,,,,,,,,,
771,Austria,2012,,,,,,,,,,,,,,,,,,,,,,,,,,,,,,,,,,,,,
772,Azerbaijan,2012,,,,,,,,,,,,,,,,,,,,,,,,,,,,,,,,,,,,,
773,Belarus,2012,,,,,,,,,,,,,,,,,,,,,,,,,,,,,,,,,,,,,
774,Belgium,2012,,,,,,,,,,,,,,,,,,,,,,,,,,,,,,,,,,,,,
775,Bulgaria,2012,,,,,,,,,,,,,,,,,,,,,,,,,,,,,,,,,,,,,
776,Canada,2012,,,,,,,,,,,,,,,,,,,,,,,,,,,,,,,,,,,,,
777,China,2012,,,,,,,,,,,,,,,,,,,,,,,,,,,,,,,,,,,,,
778,Croatia,2012,,,,,,,,,,,,,,,,,,,,,,,,,,,,,,,,,,,,,
779,Czech Republic,2012,,,,,,,,,,,,,,,,,,,,,,,,,,,,,,,,,,,,,
780,Denmark,2012,,,,,,,,,,,,,,,,,,,,,,,,,,,,,,,,,,,,,
781,Estonia,2012,,,,,,,,,,,,,,,,,,,,,,,,,,,,,,,,,,,,,
782,Finland,2012,,,,,,,,,,,,,,,,,,,,,,,,,,,,,,,,,,,,,
783,France,2012,,,,,,,,,,,,,,,,,,,,,,,,,,,,,,,,,,,,,
784,Georgia,2012,,,,,,,,,,,,,,,,,,,,,,,,,,,,,,,,,,,,,
785,Germany,2012,,,,,,,,,,,,,,,,,,,,,,,,,,,,,,,,,,,,,
786,Greece,2012,,,,,,,,,,,,,,,,,,,,,,,,,,,,,,,,,,,,,
787,Hungary,2012,,,,,,,,,,,,,,,,,,,,,,,,,,,,,,,,,,,,,
788,Iceland,2012,,,,,,,,,,,,,,,,,,,,,,,,,,,,,,,,,,,,,
789,India,2012,,,,,,,,,,,,,,,,,,,,,,,,,,,,,,,,,,,,,
790,Ireland,2012,,,,,,,,,,,,,,,,,,,,,,,,,,,,,,,,,,,,,
791,Italy,2012,,,,,,,,,,,,,,,,,,,,,,,,,,,,,,,,,,,,,
792,Japan,2012,,,,,,,,,,,,,,,,,,,,,,,,,,,,,,,,,,,,,
793,Korea,2012,,,,,,,,,,,,,,,,,,,,,,,,,,,,,,,,,,,,,
794,Latvia,2012,,,,,,,,,,,,,,,,,,,,,,,,,,,,,,,,,,,,,
795,Lithuania,2012,,,,,,,,,,,,,,,,,,,,,,,,,,,,,,,,,,,,,
796,Luxembourg,2012,,,,,,,,,,,,,,,,,,,,,,,,,,,,,,,,,,,,,
797,Malta,2012,,,,,,,,,,,,,,,,,,,,,,,,,,,,,,,,,,,,,
798,Mexico,2012,,,,,,,,,,,,,,,,,,,,,,,,,,,,,,,,,,,,,
799,Moldova,2012,,,,,,,,,,,,,,,,,,,,,,,,,,,,,,,,,,,,,
800,"Montenegro, Republic of",2012,,,,,,,,,,,,,,,,,,,,,,,,,,,,,,,,,,,,,
801,Netherlands,2012,,,,,,,,,,,,,,,,,,,,,,,,,,,,,,,,,,,,,
802,New Zealand,2012,,,,,,,,,,,,,,,,,,,,,,,,,,,,,,,,,,,,,
803,Norway,2012,,,,,,,,,,,,,,,,,,,,,,,,,,,,,,,,,,,,,
804,Poland,2012,,,,,,,,,,,,,,,,,,,,,,,,,,,,,,,,,,,,,
805,Portugal,2012,,,,,,,,,,,,,,,,,,,,,,,,,,,,,,,,,,,,,
806,Romania,2012,,,,,,,,,,,,,,,,,,,,,,,,,,,,,,,,,,,,,
807,Russian Federation,2012,,,,,,,,,,,,,,,,,,,,,,,,,,,,,,,,,,,,,
808,"Serbia, Republic of",2012,,,,,,,,,,,,,,,,,,,,,,,,,,,,,,,,,,,,,
809,Slovak Republic,2012,,,,,,,,,,,,,,,,,,,,,,,,,,,,,,,,,,,,,
810,Slovenia,2012,,,,,,,,,,,,,,,,,,,,,,,,,,,,,,,,,,,,,
811,Spain,2012,,,,,,,,,,,,,,,,,,,,,,,,,,,,,,,,,,,,,
812,Sweden,2012,,,,,,,,,,,,,,,,,,,,,,,,,,,,,,,,,,,,,
813,Switzerland,2012,,,,,,,,,,,,,,,,,,,,,,,,,,,,,,,,,,,,,
814,Turkey,2012,,,,,,,,,,,,,,,,,,,,,,,,,,,,,,,,,,,,,
815,United Kingdom,2012,,,,,,,,,,,,,,,,,,,,,,,,,,,,,,,,,,,,,
816,United States,2012,,,,,,,,,,,,,,,,,,,,,,,,,,,,,,,,,,,,,
817,Chile,2012,,,,,,,,,,,,,,,,,,,,,,,,,,,,,,,,,,,,,
818,Argentina,2012,,,,,,,,,,,,,,,,,,,,,,,,,,,,,,,,,,,,,
819,Bosnia-Herzegovina,2012,,,,,,,,,,,,,,,,,,,,,,,,,,,,,,,,,,,,,
820,Israel,2012,,,,,,,,,,,,,,,,,,,,,,,,,,,,,,,,,,,,,
821,Kazakhstan,2012,,,,,,,,,,,,,,,,,,,,,,,,,,,,,,,,,,,,,
822,Liechtenstein,2012,,,,,,,,,,,,,,,,,,,,,,,,,,,,,,,,,,,,,
823,North Macedonia,2012,,,,,,,,,,,,,,,,,,,,,,,,,,,,,,,,,,,,,
824,Ukraine,2012,,,,,,,,,,,,,,,,,,,,,,,,,,,,,,,,,,,,,
825,Uzbekistan,2012,,,,,,,,,,,,,,,,,,,,,,,,,,,,,,,,,,,,,
826,"""Montenegro, Republic of""",2012,,,,,,,,,,,,,,,,,,,,,,,,,,,,,,,,,,,,,
827,"""Serbia, Republic of""",2012,,,,,,,,,,,,,,,,,,,,,,,,,,,,,,,,,,,,,
828,Colombia,2012,,,,,,,,,,,,,,,,,,,,,,,,,,,,,,,,,,,,,
829,Serbia,2012,,,,,,,,,,,,,,,,,,,,,,,,,,,,,,,,,,,,,
830, United Kingdom,2012,,,,,,,,,,,,,,,,,,,,,,,,,,,,,,,,,,,,,
831,Northern Ireland,2012,,,,,,,,,,,,,,,,,,,,,,,,,,,,,,,,,,,,,
832,Albania,2013,,,,,,,,,,,,,,,,,,,,,,,,,,,,,,,,,,,,,
833,Armenia,2013,,,,,,,,,,,,,,,,,,,,,,,,,,,,,,,,,,,,,
834,Australia,2013,,,,,,,,,,,,,,,,,,,,,,,,,,,,,,,,,,,,,
835,Austria,2013,,,,,,,,,,,,,,,,,,,,,,,,,,,,,,,,,,,,,
836,Azerbaijan,2013,,,,,,,,,,,,,,,,,,,,,,,,,,,,,,,,,,,,,
837,Belarus,2013,,,,,,,,,,,,,,,,,,,,,,,,,,,,,,,,,,,,,
838,Belgium,2013,,,,,,,,,,,,,,,,,,,,,,,,,,,,,,,,,,,,,
839,Bulgaria,2013,,,,,,,,,,,,,,,,,,,,,,,,,,,,,,,,,,,,,
840,Canada,2013,,,,,,,,,,,,,,,,,,,,,,,,,,,,,,,,,,,,,
841,China,2013,,,,,,,,,,,,,,,,,,,,,,,,,,,,,,,,,,,,,
842,Croatia,2013,,,,,,,,,,,,,,,,,,,,,,,,,,,,,,,,,,,,,
843,Czech Republic,2013,,,,,,,,,,,,,,,,,,,,,,,,,,,,,,,,,,,,,
844,Denmark,2013,,,,,,,,,,,,,,,,,,,,,,,,,,,,,,,,,,,,,
845,Estonia,2013,,,,,,,,,,,,,,,,,,,,,,,,,,,,,,,,,,,,,
846,Finland,2013,,,,,,,,,,,,,,,,,,,,,,,,,,,,,,,,,,,,,
847,France,2013,,,,,,,,,,,,,,,,,,,,,,,,,,,,,,,,,,,,,
848,Georgia,2013,,,,,,,,,,,,,,,,,,,,,,,,,,,,,,,,,,,,,
849,Germany,2013,,,,,,,,,,,,,,,,,,,,,,,,,,,,,,,,,,,,,
850,Greece,2013,,,,,,,,,,,,,,,,,,,,,,,,,,,,,,,,,,,,,
851,Hungary,2013,,,,,,,,,,,,,,,,,,,,,,,,,,,,,,,,,,,,,
852,Iceland,2013,,,,,,,,,,,,,,,,,,,,,,,,,,,,,,,,,,,,,
853,India,2013,,,,,,,,,,,,,,,,,,,,,,,,,,,,,,,,,,,,,
854,Ireland,2013,,,,,,,,,,,,,,,,,,,,,,,,,,,,,,,,,,,,,
855,Italy,2013,,,,,,,,,,,,,,,,,,,,,,,,,,,,,,,,,,,,,
856,Japan,2013,,,,,,,,,,,,,,,,,,,,,,,,,,,,,,,,,,,,,
857,Korea,2013,,,,,,,,,,,,,,,,,,,,,,,,,,,,,,,,,,,,,
858,Latvia,2013,,,,,,,,,,,,,,,,,,,,,,,,,,,,,,,,,,,,,
859,Lithuania,2013,,,,,,,,,,,,,,,,,,,,,,,,,,,,,,,,,,,,,
860,Luxembourg,2013,,,,,,,,,,,,,,,,,,,,,,,,,,,,,,,,,,,,,
861,Malta,2013,,,,,,,,,,,,,,,,,,,,,,,,,,,,,,,,,,,,,
862,Mexico,2013,,,,,,,,,,,,,,,,,,,,,,,,,,,,,,,,,,,,,
863,Moldova,2013,,,,,,,,,,,,,,,,,,,,,,,,,,,,,,,,,,,,,
864,"Montenegro, Republic of",2013,,,,,,,,,,,,,,,,,,,,,,,,,,,,,,,,,,,,,
865,Netherlands,2013,,,,,,,,,,,,,,,,,,,,,,,,,,,,,,,,,,,,,
866,New Zealand,2013,,,,,,,,,,,,,,,,,,,,,,,,,,,,,,,,,,,,,
867,Norway,2013,,,,,,,,,,,,,,,,,,,,,,,,,,,,,,,,,,,,,
868,Poland,2013,,,,,,,,,,,,,,,,,,,,,,,,,,,,,,,,,,,,,
869,Portugal,2013,,,,,,,,,,,,,,,,,,,,,,,,,,,,,,,,,,,,,
870,Romania,2013,,,,,,,,,,,,,,,,,,,,,,,,,,,,,,,,,,,,,
871,Russian Federation,2013,,,,,,,,,,,,,,,,,,,,,,,,,,,,,,,,,,,,,
872,"Serbia, Republic of",2013,,,,,,,,,,,,,,,,,,,,,,,,,,,,,,,,,,,,,
873,Slovak Republic,2013,,,,,,,,,,,,,,,,,,,,,,,,,,,,,,,,,,,,,
874,Slovenia,2013,,,,,,,,,,,,,,,,,,,,,,,,,,,,,,,,,,,,,
875,Spain,2013,,,,,,,,,,,,,,,,,,,,,,,,,,,,,,,,,,,,,
876,Sweden,2013,,,,,,,,,,,,,,,,,,,,,,,,,,,,,,,,,,,,,
877,Switzerland,2013,,,,,,,,,,,,,,,,,,,,,,,,,,,,,,,,,,,,,
878,Turkey,2013,,,,,,,,,,,,,,,,,,,,,,,,,,,,,,,,,,,,,
879,United Kingdom,2013,,,,,,,,,,,,,,,,,,,,,,,,,,,,,,,,,,,,,
880,United States,2013,,,,,,,,,,,,,,,,,,,,,,,,,,,,,,,,,,,,,
881,Chile,2013,,,,,,,,,,,,,,,,,,,,,,,,,,,,,,,,,,,,,
882,Argentina,2013,,,,,,,,,,,,,,,,,,,,,,,,,,,,,,,,,,,,,
883,Bosnia-Herzegovina,2013,,,,,,,,,,,,,,,,,,,,,,,,,,,,,,,,,,,,,
884,Israel,2013,,,,,,,,,,,,,,,,,,,,,,,,,,,,,,,,,,,,,
885,Kazakhstan,2013,,,,,,,,,,,,,,,,,,,,,,,,,,,,,,,,,,,,,
886,Liechtenstein,2013,,,,,,,,,,,,,,,,,,,,,,,,,,,,,,,,,,,,,
887,North Macedonia,2013,,,,,,,,,,,,,,,,,,,,,,,,,,,,,,,,,,,,,
888,Ukraine,2013,,,,,,,,,,,,,,,,,,,,,,,,,,,,,,,,,,,,,
889,Uzbekistan,2013,,,,,,,,,,,,,,,,,,,,,,,,,,,,,,,,,,,,,
890,"""Montenegro, Republic of""",2013,,,,,,,,,,,,,,,,,,,,,,,,,,,,,,,,,,,,,
891,"""Serbia, Republic of""",2013,,,,,,,,,,,,,,,,,,,,,,,,,,,,,,,,,,,,,
892,Colombia,2013,,,,,,,,,,,,,,,,,,,,,,,,,,,,,,,,,,,,,
893,Serbia,2013,,,,,,,,,,,,,,,,,,,,,,,,,,,,,,,,,,,,,
894, United Kingdom,2013,,,,,,,,,,,,,,,,,,,,,,,,,,,,,,,,,,,,,
895,Northern Ireland,2013,,,,,,,,,,,,,,,,,,,,,,,,,,,,,,,,,,,,,
896,Albania,2014,,,,,,,,,,,,,,,,,,,,,,,,,,,,,,,,,,,,,
897,Armenia,2014,,,,,,,,,,,,,,,,,,,,,,,,,,,,,,,,,,,,,
898,Australia,2014,,,,,,,,,,,,,,,,,,,,,,,,,,,,,,,,,,,,,
899,Austria,2014,,,,,,,,,,,,,,,,,,,,,,,,,,,,,,,,,,,,,
900,Azerbaijan,2014,,,,,,,,,,,,,,,,,,,,,,,,,,,,,,,,,,,,,
901,Belarus,2014,,,,,,,,,,,,,,,,,,,,,,,,,,,,,,,,,,,,,
902,Belgium,2014,,,,,,,,,,,,,,,,,,,,,,,,,,,,,,,,,,,,,
903,Bulgaria,2014,,,,,,,,,,,,,,,,,,,,,,,,,,,,,,,,,,,,,
904,Canada,2014,,,,,,,,,,,,,,,,,,,,,,,,,,,,,,,,,,,,,
905,China,2014,,,,,,,,,,,,,,,,,,,,,,,,,,,,,,,,,,,,,
906,Croatia,2014,,,,,,,,,,,,,,,,,,,,,,,,,,,,,,,,,,,,,
907,Czech Republic,2014,,,,,,,,,,,,,,,,,,,,,,,,,,,,,,,,,,,,,
908,Denmark,2014,,,,,,,,,,,,,,,,,,,,,,,,,,,,,,,,,,,,,
909,Estonia,2014,,,,,,,,,,,,,,,,,,,,,,,,,,,,,,,,,,,,,
910,Finland,2014,,,,,,,,,,,,,,,,,,,,,,,,,,,,,,,,,,,,,
911,France,2014,,,,,,,,,,,,,,,,,,,,,,,,,,,,,,,,,,,,,
912,Georgia,2014,,,,,,,,,,,,,,,,,,,,,,,,,,,,,,,,,,,,,
913,Germany,2014,,,,,,,,,,,,,,,,,,,,,,,,,,,,,,,,,,,,,
914,Greece,2014,,,,,,,,,,,,,,,,,,,,,,,,,,,,,,,,,,,,,
915,Hungary,2014,,,,,,,,,,,,,,,,,,,,,,,,,,,,,,,,,,,,,
916,Iceland,2014,,,,,,,,,,,,,,,,,,,,,,,,,,,,,,,,,,,,,
917,India,2014,,,,,,,,,,,,,,,,,,,,,,,,,,,,,,,,,,,,,
918,Ireland,2014,,,,,,,,,,,,,,,,,,,,,,,,,,,,,,,,,,,,,
919,Italy,2014,,,,,,,,,,,,,,,,,,,,,,,,,,,,,,,,,,,,,
920,Japan,2014,,,,,,,,,,,,,,,,,,,,,,,,,,,,,,,,,,,,,
921,Korea,2014,,,,,,,,,,,,,,,,,,,,,,,,,,,,,,,,,,,,,
922,Latvia,2014,,,,,,,,,,,,,,,,,,,,,,,,,,,,,,,,,,,,,
923,Lithuania,2014,,,,,,,,,,,,,,,,,,,,,,,,,,,,,,,,,,,,,
924,Luxembourg,2014,,,,,,,,,,,,,,,,,,,,,,,,,,,,,,,,,,,,,
925,Malta,2014,,,,,,,,,,,,,,,,,,,,,,,,,,,,,,,,,,,,,
926,Mexico,2014,,,,,,,,,,,,,,,,,,,,,,,,,,,,,,,,,,,,,
927,Moldova,2014,,,,,,,,,,,,,,,,,,,,,,,,,,,,,,,,,,,,,
928,"Montenegro, Republic of",2014,,,,,,,,,,,,,,,,,,,,,,,,,,,,,,,,,,,,,
929,Netherlands,2014,,,,,,,,,,,,,,,,,,,,,,,,,,,,,,,,,,,,,
930,New Zealand,2014,,,,,,,,,,,,,,,,,,,,,,,,,,,,,,,,,,,,,
931,Norway,2014,,,,,,,,,,,,,,,,,,,,,,,,,,,,,,,,,,,,,
932,Poland,2014,,,,,,,,,,,,,,,,,,,,,,,,,,,,,,,,,,,,,
933,Portugal,2014,,,,,,,,,,,,,,,,,,,,,,,,,,,,,,,,,,,,,
934,Romania,2014,,,,,,,,,,,,,,,,,,,,,,,,,,,,,,,,,,,,,
935,Russian Federation,2014,,,,,,,,,,,,,,,,,,,,,,,,,,,,,,,,,,,,,
936,"Serbia, Republic of",2014,,,,,,,,,,,,,,,,,,,,,,,,,,,,,,,,,,,,,
937,Slovak Republic,2014,,,,,,,,,,,,,,,,,,,,,,,,,,,,,,,,,,,,,
938,Slovenia,2014,,,,,,,,,,,,,,,,,,,,,,,,,,,,,,,,,,,,,
939,Spain,2014,,,,,,,,,,,,,,,,,,,,,,,,,,,,,,,,,,,,,
940,Sweden,2014,,,,,,,,,,,,,,,,,,,,,,,,,,,,,,,,,,,,,
941,Switzerland,2014,,,,,,,,,,,,,,,,,,,,,,,,,,,,,,,,,,,,,
942,Turkey,2014,,,,,,,,,,,,,,,,,,,,,,,,,,,,,,,,,,,,,
943,United Kingdom,2014,,,,,,,,,,,,,,,,,,,,,,,,,,,,,,,,,,,,,
944,United States,2014,,,,,,,,,,,,,,,,,,,,,,,,,,,,,,,,,,,,,
945,Chile,2014,,,,,,,,,,,,,,,,,,,,,,,,,,,,,,,,,,,,,
946,Argentina,2014,,,,,,,,,,,,,,,,,,,,,,,,,,,,,,,,,,,,,
947,Bosnia-Herzegovina,2014,,,,,,,,,,,,,,,,,,,,,,,,,,,,,,,,,,,,,
948,Israel,2014,,,,,,,,,,,,,,,,,,,,,,,,,,,,,,,,,,,,,
949,Kazakhstan,2014,,,,,,,,,,,,,,,,,,,,,,,,,,,,,,,,,,,,,
950,Liechtenstein,2014,,,,,,,,,,,,,,,,,,,,,,,,,,,,,,,,,,,,,
951,North Macedonia,2014,,,,,,,,,,,,,,,,,,,,,,,,,,,,,,,,,,,,,
952,Ukraine,2014,,,,,,,,,,,,,,,,,,,,,,,,,,,,,,,,,,,,,
953,Uzbekistan,2014,,,,,,,,,,,,,,,,,,,,,,,,,,,,,,,,,,,,,
954,"""Montenegro, Republic of""",2014,,,,,,,,,,,,,,,,,,,,,,,,,,,,,,,,,,,,,
955,"""Serbia, Republic of""",2014,,,,,,,,,,,,,,,,,,,,,,,,,,,,,,,,,,,,,
956,Colombia,2014,,,,,,,,,,,,,,,,,,,,,,,,,,,,,,,,,,,,,
957,Serbia,2014,,,,,,,,,,,,,,,,,,,,,,,,,,,,,,,,,,,,,
958, United Kingdom,2014,,,,,,,,,,,,,,,,,,,,,,,,,,,,,,,,,,,,,
959,Northern Ireland,2014,,,,,,,,,,,,,,,,,,,,,,,,,,,,,,,,,,,,,
960,Albania,2015,,,,,,,,,,,,,,,,,,,,,,,,,,,,,,,,,,,,,
961,Armenia,2015,,,,,,,,,,,,,,,,,,,,,,,,,,,,,,,,,,,,,
962,Australia,2015,,,,,,,,,,,,,,,,,,,,,,,,,,,,,,,,,,,,,
963,Austria,2015,,,,,,,,,,,,,,,,,,,,,,,,,,,,,,,,,,,,,
964,Azerbaijan,2015,,,,,,,,,,,,,,,,,,,,,,,,,,,,,,,,,,,,,
965,Belarus,2015,,,,,,,,,,,,,,,,,,,,,,,,,,,,,,,,,,,,,
966,Belgium,2015,,,,,,,,,,,,,,,,,,,,,,,,,,,,,,,,,,,,,
967,Bulgaria,2015,,,,,,,,,,,,,,,,,,,,,,,,,,,,,,,,,,,,,
968,Canada,2015,,,,,,,,,,,,,,,,,,,,,,,,,,,,,,,,,,,,,
969,China,2015,,,,,,,,,,,,,,,,,,,,,,,,,,,,,,,,,,,,,
970,Croatia,2015,,,,,,,,,,,,,,,,,,,,,,,,,,,,,,,,,,,,,
971,Czech Republic,2015,,,,,,,,,,,,,,,,,,,,,,,,,,,,,,,,,,,,,
972,Denmark,2015,,,,,,,,,,,,,,,,,,,,,,,,,,,,,,,,,,,,,
973,Estonia,2015,,,,,,,,,,,,,,,,,,,,,,,,,,,,,,,,,,,,,
974,Finland,2015,,,,,,,,,,,,,,,,,,,,,,,,,,,,,,,,,,,,,
975,France,2015,,,,,,,,,,,,,,,,,,,,,,,,,,,,,,,,,,,,,
976,Georgia,2015,,,,,,,,,,,,,,,,,,,,,,,,,,,,,,,,,,,,,
977,Germany,2015,,,,,,,,,,,,,,,,,,,,,,,,,,,,,,,,,,,,,
978,Greece,2015,,,,,,,,,,,,,,,,,,,,,,,,,,,,,,,,,,,,,
979,Hungary,2015,,,,,,,,,,,,,,,,,,,,,,,,,,,,,,,,,,,,,
980,Iceland,2015,,,,,,,,,,,,,,,,,,,,,,,,,,,,,,,,,,,,,
981,India,2015,,,,,,,,,,,,,,,,,,,,,,,,,,,,,,,,,,,,,
982,Ireland,2015,,,,,,,,,,,,,,,,,,,,,,,,,,,,,,,,,,,,,
983,Italy,2015,,,,,,,,,,,,,,,,,,,,,,,,,,,,,,,,,,,,,
984,Japan,2015,,,,,,,,,,,,,,,,,,,,,,,,,,,,,,,,,,,,,
985,Korea,2015,,,,,,,,,,,,,,,,,,,,,,,,,,,,,,,,,,,,,
986,Latvia,2015,,,,,,,,,,,,,,,,,,,,,,,,,,,,,,,,,,,,,
987,Lithuania,2015,,,,,,,,,,,,,,,,,,,,,,,,,,,,,,,,,,,,,
988,Luxembourg,2015,,,,,,,,,,,,,,,,,,,,,,,,,,,,,,,,,,,,,
989,Malta,2015,,,,,,,,,,,,,,,,,,,,,,,,,,,,,,,,,,,,,
990,Mexico,2015,,,,,,,,,,,,,,,,,,,,,,,,,,,,,,,,,,,,,
991,Moldova,2015,,,,,,,,,,,,,,,,,,,,,,,,,,,,,,,,,,,,,
992,"Montenegro, Republic of",2015,,,,,,,,,,,,,,,,,,,,,,,,,,,,,,,,,,,,,
993,Netherlands,2015,,,,,,,,,,,,,,,,,,,,,,,,,,,,,,,,,,,,,
994,New Zealand,2015,,,,,,,,,,,,,,,,,,,,,,,,,,,,,,,,,,,,,
995,Norway,2015,,,,,,,,,,,,,,,,,,,,,,,,,,,,,,,,,,,,,
996,Poland,2015,,,,,,,,,,,,,,,,,,,,,,,,,,,,,,,,,,,,,
997,Portugal,2015,,,,,,,,,,,,,,,,,,,,,,,,,,,,,,,,,,,,,
998,Romania,2015,,,,,,,,,,,,,,,,,,,,,,,,,,,,,,,,,,,,,
999,Russian Federation,2015,,,,,,,,,,,,,,,,,,,,,,,,,,,,,,,,,,,,,
1000,"Serbia, Republic of",2015,,,,,,,,,,,,,,,,,,,,,,,,,,,,,,,,,,,,,
1001,Slovak Republic,2015,,,,,,,,,,,,,,,,,,,,,,,,,,,,,,,,,,,,,
1002,Slovenia,2015,,,,,,,,,,,,,,,,,,,,,,,,,,,,,,,,,,,,,
1003,Spain,2015,,,,,,,,,,,,,,,,,,,,,,,,,,,,,,,,,,,,,
1004,Sweden,2015,,,,,,,,,,,,,,,,,,,,,,,,,,,,,,,,,,,,,
1005,Switzerland,2015,,,,,,,,,,,,,,,,,,,,,,,,,,,,,,,,,,,,,
1006,Turkey,2015,,,,,,,,,,,,,,,,,,,,,,,,,,,,,,,,,,,,,
1007,United Kingdom,2015,,,,,,,,,,,,,,,,,,,,,,,,,,,,,,,,,,,,,
1008,United States,2015,,,,,,,,,,,,,,,,,,,,,,,,,,,,,,,,,,,,,
1009,Chile,2015,,,,,,,,,,,,,,,,,,,,,,,,,,,,,,,,,,,,,
1010,Argentina,2015,,,,,,,,,,,,,,,,,,,,,,,,,,,,,,,,,,,,,
1011,Bosnia-Herzegovina,2015,,,,,,,,,,,,,,,,,,,,,,,,,,,,,,,,,,,,,
1012,Israel,2015,,,,,,,,,,,,,,,,,,,,,,,,,,,,,,,,,,,,,
1013,Kazakhstan,2015,,,,,,,,,,,,,,,,,,,,,,,,,,,,,,,,,,,,,
1014,Liechtenstein,2015,,,,,,,,,,,,,,,,,,,,,,,,,,,,,,,,,,,,,
1015,North Macedonia,2015,,,,,,,,,,,,,,,,,,,,,,,,,,,,,,,,,,,,,
1016,Ukraine,2015,,,,,,,,,,,,,,,,,,,,,,,,,,,,,,,,,,,,,
1017,Uzbekistan,2015,,,,,,,,,,,,,,,,,,,,,,,,,,,,,,,,,,,,,
1018,"""Montenegro, Republic of""",2015,,,,,,,,,,,,,,,,,,,,,,,,,,,,,,,,,,,,,
1019,"""Serbia, Republic of""",2015,,,,,,,,,,,,,,,,,,,,,,,,,,,,,,,,,,,,,
1020,Colombia,2015,,,,,,,,,,,,,,,,,,,,,,,,,,,,,,,,,,,,,
1021,Serbia,2015,,,,,,,,,,,,,,,,,,,,,,,,,,,,,,,,,,,,,
1022, United Kingdom,2015,,,,,,,,,,,,,,,,,,,,,,,,,,,,,,,,,,,,,
1023,Northern Ireland,2015,,,,,,,,,,,,,,,,,,,,,,,,,,,,,,,,,,,,,
1024,Albania,2016,,,,,,,,,,,,,,,,,,,,,,,,,,,,,,,,,,,,,
1025,Armenia,2016,,,,,,,,,,,,,,,,,,,,,,,,,,,,,,,,,,,,,
1026,Australia,2016,,,,,,,,,,,,,,,,,,,,,,,,,,,,,,,,,,,,,
1027,Austria,2016,,,,,,,,,,,,,,,,,,,,,,,,,,,,,,,,,,,,,
1028,Azerbaijan,2016,,,,,,,,,,,,,,,,,,,,,,,,,,,,,,,,,,,,,
1029,Belarus,2016,,,,,,,,,,,,,,,,,,,,,,,,,,,,,,,,,,,,,
1030,Belgium,2016,,,,,,,,,,,,,,,,,,,,,,,,,,,,,,,,,,,,,
1031,Bulgaria,2016,,,,,,,,,,,,,,,,,,,,,,,,,,,,,,,,,,,,,
1032,Canada,2016,,,,,,,,,,,,,,,,,,,,,,,,,,,,,,,,,,,,,
1033,China,2016,,,,,,,,,,,,,,,,,,,,,,,,,,,,,,,,,,,,,
1034,Croatia,2016,,,,,,,,,,,,,,,,,,,,,,,,,,,,,,,,,,,,,
1035,Czech Republic,2016,,,,,,,,,,,,,,,,,,,,,,,,,,,,,,,,,,,,,
1036,Denmark,2016,,,,,,,,,,,,,,,,,,,,,,,,,,,,,,,,,,,,,
1037,Estonia,2016,,,,,,,,,,,,,,,,,,,,,,,,,,,,,,,,,,,,,
1038,Finland,2016,,,,,,,,,,,,,,,,,,,,,,,,,,,,,,,,,,,,,
1039,France,2016,,,,,,,,,,,,,,,,,,,,,,,,,,,,,,,,,,,,,
1040,Georgia,2016,,,,,,,,,,,,,,,,,,,,,,,,,,,,,,,,,,,,,
1041,Germany,2016,,,,,,,,,,,,,,,,,,,,,,,,,,,,,,,,,,,,,
1042,Greece,2016,,,,,,,,,,,,,,,,,,,,,,,,,,,,,,,,,,,,,
1043,Hungary,2016,,,,,,,,,,,,,,,,,,,,,,,,,,,,,,,,,,,,,
1044,Iceland,2016,,,,,,,,,,,,,,,,,,,,,,,,,,,,,,,,,,,,,
1045,India,2016,,,,,,,,,,,,,,,,,,,,,,,,,,,,,,,,,,,,,
1046,Ireland,2016,,,,,,,,,,,,,,,,,,,,,,,,,,,,,,,,,,,,,
1047,Italy,2016,,,,,,,,,,,,,,,,,,,,,,,,,,,,,,,,,,,,,
1048,Japan,2016,,,,,,,,,,,,,,,,,,,,,,,,,,,,,,,,,,,,,
1049,Korea,2016,,,,,,,,,,,,,,,,,,,,,,,,,,,,,,,,,,,,,
1050,Latvia,2016,,,,,,,,,,,,,,,,,,,,,,,,,,,,,,,,,,,,,
1051,Lithuania,2016,,,,,,,,,,,,,,,,,,,,,,,,,,,,,,,,,,,,,
1052,Luxembourg,2016,,,,,,,,,,,,,,,,,,,,,,,,,,,,,,,,,,,,,
1053,Malta,2016,,,,,,,,,,,,,,,,,,,,,,,,,,,,,,,,,,,,,
1054,Mexico,2016,,,,,,,,,,,,,,,,,,,,,,,,,,,,,,,,,,,,,
1055,Moldova,2016,,,,,,,,,,,,,,,,,,,,,,,,,,,,,,,,,,,,,
1056,"Montenegro, Republic of",2016,,,,,,,,,,,,,,,,,,,,,,,,,,,,,,,,,,,,,
1057,Netherlands,2016,,,,,,,,,,,,,,,,,,,,,,,,,,,,,,,,,,,,,
1058,New Zealand,2016,,,,,,,,,,,,,,,,,,,,,,,,,,,,,,,,,,,,,
1059,Norway,2016,,,,,,,,,,,,,,,,,,,,,,,,,,,,,,,,,,,,,
1060,Poland,2016,,,,,,,,,,,,,,,,,,,,,,,,,,,,,,,,,,,,,
1061,Portugal,2016,,,,,,,,,,,,,,,,,,,,,,,,,,,,,,,,,,,,,
1062,Romania,2016,,,,,,,,,,,,,,,,,,,,,,,,,,,,,,,,,,,,,
1063,Russian Federation,2016,,,,,,,,,,,,,,,,,,,,,,,,,,,,,,,,,,,,,
1064,"Serbia, Republic of",2016,,,,,,,,,,,,,,,,,,,,,,,,,,,,,,,,,,,,,
1065,Slovak Republic,2016,,,,,,,,,,,,,,,,,,,,,,,,,,,,,,,,,,,,,
1066,Slovenia,2016,,,,,,,,,,,,,,,,,,,,,,,,,,,,,,,,,,,,,
1067,Spain,2016,,,,,,,,,,,,,,,,,,,,,,,,,,,,,,,,,,,,,
1068,Sweden,2016,,,,,,,,,,,,,,,,,,,,,,,,,,,,,,,,,,,,,
1069,Switzerland,2016,,,,,,,,,,,,,,,,,,,,,,,,,,,,,,,,,,,,,
1070,Turkey,2016,,,,,,,,,,,,,,,,,,,,,,,,,,,,,,,,,,,,,
1071,United Kingdom,2016,,,,,,,,,,,,,,,,,,,,,,,,,,,,,,,,,,,,,
1072,United States,2016,,,,,,,,,,,,,,,,,,,,,,,,,,,,,,,,,,,,,
1073,Chile,2016,,,,,,,,,,,,,,,,,,,,,,,,,,,,,,,,,,,,,
1074,Argentina,2016,,,,,,,,,,,,,,,,,,,,,,,,,,,,,,,,,,,,,
1075,Bosnia-Herzegovina,2016,,,,,,,,,,,,,,,,,,,,,,,,,,,,,,,,,,,,,
1076,Israel,2016,,,,,,,,,,,,,,,,,,,,,,,,,,,,,,,,,,,,,
1077,Kazakhstan,2016,,,,,,,,,,,,,,,,,,,,,,,,,,,,,,,,,,,,,
1078,Liechtenstein,2016,,,,,,,,,,,,,,,,,,,,,,,,,,,,,,,,,,,,,
1079,North Macedonia,2016,,,,,,,,,,,,,,,,,,,,,,,,,,,,,,,,,,,,,
1080,Ukraine,2016,,,,,,,,,,,,,,,,,,,,,,,,,,,,,,,,,,,,,
1081,Uzbekistan,2016,,,,,,,,,,,,,,,,,,,,,,,,,,,,,,,,,,,,,
1082,"""Montenegro, Republic of""",2016,,,,,,,,,,,,,,,,,,,,,,,,,,,,,,,,,,,,,
1083,"""Serbia, Republic of""",2016,,,,,,,,,,,,,,,,,,,,,,,,,,,,,,,,,,,,,
1084,Colombia,2016,,,,,,,,,,,,,,,,,,,,,,,,,,,,,,,,,,,,,
1085,Serbia,2016,,,,,,,,,,,,,,,,,,,,,,,,,,,,,,,,,,,,,
1086, United Kingdom,2016,,,,,,,,,,,,,,,,,,,,,,,,,,,,,,,,,,,,,
1087,Northern Ireland,2016,,,,,,,,,,,,,,,,,,,,,,,,,,,,,,,,,,,,,
1088,Albania,2017,,,,,,,,,,,,,,,,,,,,,,,,,,,,,,,,,,,,,
1089,Armenia,2017,,,,,,,,,,,,,,,,,,,,,,,,,,,,,,,,,,,,,
1090,Australia,2017,,,,,,,,,,,,,,,,,,,,,,,,,,,,,,,,,,,,,
1091,Austria,2017,,,,,,,,,,,,,,,,,,,,,,,,,,,,,,,,,,,,,
1092,Azerbaijan,2017,,,,,,,,,,,,,,,,,,,,,,,,,,,,,,,,,,,,,
1093,Belarus,2017,,,,,,,,,,,,,,,,,,,,,,,,,,,,,,,,,,,,,
1094,Belgium,2017,,,,,,,,,,,,,,,,,,,,,,,,,,,,,,,,,,,,,
1095,Bulgaria,2017,,,,,,,,,,,,,,,,,,,,,,,,,,,,,,,,,,,,,
1096,Canada,2017,,,,,,,,,,,,,,,,,,,,,,,,,,,,,,,,,,,,,
1097,China,2017,,,,,,,,,,,,,,,,,,,,,,,,,,,,,,,,,,,,,
1098,Croatia,2017,,,,,,,,,,,,,,,,,,,,,,,,,,,,,,,,,,,,,
1099,Czech Republic,2017,,,,,,,,,,,,,,,,,,,,,,,,,,,,,,,,,,,,,
1100,Denmark,2017,,,,,,,,,,,,,,,,,,,,,,,,,,,,,,,,,,,,,
1101,Estonia,2017,,,,,,,,,,,,,,,,,,,,,,,,,,,,,,,,,,,,,
1102,Finland,2017,,,,,,,,,,,,,,,,,,,,,,,,,,,,,,,,,,,,,
1103,France,2017,,,,,,,,,,,,,,,,,,,,,,,,,,,,,,,,,,,,,
1104,Georgia,2017,,,,,,,,,,,,,,,,,,,,,,,,,,,,,,,,,,,,,
1105,Germany,2017,,,,,,,,,,,,,,,,,,,,,,,,,,,,,,,,,,,,,
1106,Greece,2017,,,,,,,,,,,,,,,,,,,,,,,,,,,,,,,,,,,,,
1107,Hungary,2017,,,,,,,,,,,,,,,,,,,,,,,,,,,,,,,,,,,,,
1108,Iceland,2017,,,,,,,,,,,,,,,,,,,,,,,,,,,,,,,,,,,,,
1109,India,2017,,,,,,,,,,,,,,,,,,,,,,,,,,,,,,,,,,,,,
1110,Ireland,2017,,,,,,,,,,,,,,,,,,,,,,,,,,,,,,,,,,,,,
1111,Italy,2017,,,,,,,,,,,,,,,,,,,,,,,,,,,,,,,,,,,,,
1112,Japan,2017,,,,,,,,,,,,,,,,,,,,,,,,,,,,,,,,,,,,,
1113,Korea,2017,,,,,,,,,,,,,,,,,,,,,,,,,,,,,,,,,,,,,
1114,Latvia,2017,,,,,,,,,,,,,,,,,,,,,,,,,,,,,,,,,,,,,
1115,Lithuania,2017,,,,,,,,,,,,,,,,,,,,,,,,,,,,,,,,,,,,,
1116,Luxembourg,2017,,,,,,,,,,,,,,,,,,,,,,,,,,,,,,,,,,,,,
1117,Malta,2017,,,,,,,,,,,,,,,,,,,,,,,,,,,,,,,,,,,,,
1118,Mexico,2017,,,,,,,,,,,,,,,,,,,,,,,,,,,,,,,,,,,,,
1119,Moldova,2017,,,,,,,,,,,,,,,,,,,,,,,,,,,,,,,,,,,,,
1120,"Montenegro, Republic of",2017,,,,,,,,,,,,,,,,,,,,,,,,,,,,,,,,,,,,,
1121,Netherlands,2017,,,,,,,,,,,,,,,,,,,,,,,,,,,,,,,,,,,,,
1122,New Zealand,2017,,,,,,,,,,,,,,,,,,,,,,,,,,,,,,,,,,,,,
1123,Norway,2017,,,,,,,,,,,,,,,,,,,,,,,,,,,,,,,,,,,,,
1124,Poland,2017,,,,,,,,,,,,,,,,,,,,,,,,,,,,,,,,,,,,,
1125,Portugal,2017,,,,,,,,,,,,,,,,,,,,,,,,,,,,,,,,,,,,,
1126,Romania,2017,,,,,,,,,,,,,,,,,,,,,,,,,,,,,,,,,,,,,
1127,Russian Federation,2017,,,,,,,,,,,,,,,,,,,,,,,,,,,,,,,,,,,,,
1128,"Serbia, Republic of",2017,,,,,,,,,,,,,,,,,,,,,,,,,,,,,,,,,,,,,
1129,Slovak Republic,2017,,,,,,,,,,,,,,,,,,,,,,,,,,,,,,,,,,,,,
1130,Slovenia,2017,,,,,,,,,,,,,,,,,,,,,,,,,,,,,,,,,,,,,
1131,Spain,2017,,,,,,,,,,,,,,,,,,,,,,,,,,,,,,,,,,,,,
1132,Sweden,2017,,,,,,,,,,,,,,,,,,,,,,,,,,,,,,,,,,,,,
1133,Switzerland,2017,,,,,,,,,,,,,,,,,,,,,,,,,,,,,,,,,,,,,
1134,Turkey,2017,,,,,,,,,,,,,,,,,,,,,,,,,,,,,,,,,,,,,
1135,United Kingdom,2017,,,,,,,,,,,,,,,,,,,,,,,,,,,,,,,,,,,,,
1136,United States,2017,,,,,,,,,,,,,,,,,,,,,,,,,,,,,,,,,,,,,
1137,Chile,2017,,,,,,,,,,,,,,,,,,,,,,,,,,,,,,,,,,,,,
1138,Argentina,2017,,,,,,,,,,,,,,,,,,,,,,,,,,,,,,,,,,,,,
1139,Bosnia-Herzegovina,2017,,,,,,,,,,,,,,,,,,,,,,,,,,,,,,,,,,,,,
1140,Israel,2017,,,,,,,,,,,,,,,,,,,,,,,,,,,,,,,,,,,,,
1141,Kazakhstan,2017,,,,,,,,,,,,,,,,,,,,,,,,,,,,,,,,,,,,,
1142,Liechtenstein,2017,,,,,,,,,,,,,,,,,,,,,,,,,,,,,,,,,,,,,
1143,North Macedonia,2017,,,,,,,,,,,,,,,,,,,,,,,,,,,,,,,,,,,,,
1144,Ukraine,2017,,,,,,,,,,,,,,,,,,,,,,,,,,,,,,,,,,,,,
1145,Uzbekistan,2017,,,,,,,,,,,,,,,,,,,,,,,,,,,,,,,,,,,,,
1146,"""Montenegro, Republic of""",2017,,,,,,,,,,,,,,,,,,,,,,,,,,,,,,,,,,,,,
1147,"""Serbia, Republic of""",2017,,,,,,,,,,,,,,,,,,,,,,,,,,,,,,,,,,,,,
1148,Colombia,2017,,,,,,,,,,,,,,,,,,,,,,,,,,,,,,,,,,,,,
1149,Serbia,2017,,,,,,,,,,,,,,,,,,,,,,,,,,,,,,,,,,,,,
1150, United Kingdom,2017,,,,,,,,,,,,,,,,,,,,,,,,,,,,,,,,,,,,,
1151,Northern Ireland,2017,,,,,,,,,,,,,,,,,,,,,,,,,,,,,,,,,,,,,
1152,Albania,2018,,,,,,,,,,,,,,,,,,,,,,,,,,,,,,,,,,,,,
1153,Armenia,2018,,,,,,,,,,,,,,,,,,,,,,,,,,,,,,,,,,,,,
1154,Australia,2018,,,,,,,,,,,,,,,,,,,,,,,,,,,,,,,,,,,,,
1155,Austria,2018,,,,,,,,,,,,,,,,,,,,,,,,,,,,,,,,,,,,,
1156,Azerbaijan,2018,,,,,,,,,,,,,,,,,,,,,,,,,,,,,,,,,,,,,
1157,Belarus,2018,,,,,,,,,,,,,,,,,,,,,,,,,,,,,,,,,,,,,
1158,Belgium,2018,,,,,,,,,,,,,,,,,,,,,,,,,,,,,,,,,,,,,
1159,Bulgaria,2018,,,,,,,,,,,,,,,,,,,,,,,,,,,,,,,,,,,,,
1160,Canada,2018,,,,,,,,,,,,,,,,,,,,,,,,,,,,,,,,,,,,,
1161,China,2018,,,,,,,,,,,,,,,,,,,,,,,,,,,,,,,,,,,,,
1162,Croatia,2018,,,,,,,,,,,,,,,,,,,,,,,,,,,,,,,,,,,,,
1163,Czech Republic,2018,,,,,,,,,,,,,,,,,,,,,,,,,,,,,,,,,,,,,
1164,Denmark,2018,,,,,,,,,,,,,,,,,,,,,,,,,,,,,,,,,,,,,
1165,Estonia,2018,,,,,,,,,,,,,,,,,,,,,,,,,,,,,,,,,,,,,
1166,Finland,2018,,,,,,,,,,,,,,,,,,,,,,,,,,,,,,,,,,,,,
1167,France,2018,,,,,,,,,,,,,,,,,,,,,,,,,,,,,,,,,,,,,
1168,Georgia,2018,,,,,,,,,,,,,,,,,,,,,,,,,,,,,,,,,,,,,
1169,Germany,2018,,,,,,,,,,,,,,,,,,,,,,,,,,,,,,,,,,,,,
1170,Greece,2018,,,,,,,,,,,,,,,,,,,,,,,,,,,,,,,,,,,,,
1171,Hungary,2018,,,,,,,,,,,,,,,,,,,,,,,,,,,,,,,,,,,,,
1172,Iceland,2018,,,,,,,,,,,,,,,,,,,,,,,,,,,,,,,,,,,,,
1173,India,2018,,,,,,,,,,,,,,,,,,,,,,,,,,,,,,,,,,,,,
1174,Ireland,2018,,,,,,,,,,,,,,,,,,,,,,,,,,,,,,,,,,,,,
1175,Italy,2018,,,,,,,,,,,,,,,,,,,,,,,,,,,,,,,,,,,,,
1176,Japan,2018,,,,,,,,,,,,,,,,,,,,,,,,,,,,,,,,,,,,,
1177,Korea,2018,,,,,,,,,,,,,,,,,,,,,,,,,,,,,,,,,,,,,
1178,Latvia,2018,,,,,,,,,,,,,,,,,,,,,,,,,,,,,,,,,,,,,
1179,Lithuania,2018,,,,,,,,,,,,,,,,,,,,,,,,,,,,,,,,,,,,,
1180,Luxembourg,2018,,,,,,,,,,,,,,,,,,,,,,,,,,,,,,,,,,,,,
1181,Malta,2018,,,,,,,,,,,,,,,,,,,,,,,,,,,,,,,,,,,,,
1182,Mexico,2018,,,,,,,,,,,,,,,,,,,,,,,,,,,,,,,,,,,,,
1183,Moldova,2018,,,,,,,,,,,,,,,,,,,,,,,,,,,,,,,,,,,,,
1184,"Montenegro, Republic of",2018,,,,,,,,,,,,,,,,,,,,,,,,,,,,,,,,,,,,,
1185,Netherlands,2018,,,,,,,,,,,,,,,,,,,,,,,,,,,,,,,,,,,,,
1186,New Zealand,2018,,,,,,,,,,,,,,,,,,,,,,,,,,,,,,,,,,,,,
1187,Norway,2018,,,,,,,,,,,,,,,,,,,,,,,,,,,,,,,,,,,,,
1188,Poland,2018,,,,,,,,,,,,,,,,,,,,,,,,,,,,,,,,,,,,,
1189,Portugal,2018,,,,,,,,,,,,,,,,,,,,,,,,,,,,,,,,,,,,,
1190,Romania,2018,,,,,,,,,,,,,,,,,,,,,,,,,,,,,,,,,,,,,
1191,Russian Federation,2018,,,,,,,,,,,,,,,,,,,,,,,,,,,,,,,,,,,,,
1192,"Serbia, Republic of",2018,,,,,,,,,,,,,,,,,,,,,,,,,,,,,,,,,,,,,
1193,Slovak Republic,2018,,,,,,,,,,,,,,,,,,,,,,,,,,,,,,,,,,,,,
1194,Slovenia,2018,,,,,,,,,,,,,,,,,,,,,,,,,,,,,,,,,,,,,
1195,Spain,2018,,,,,,,,,,,,,,,,,,,,,,,,,,,,,,,,,,,,,
1196,Sweden,2018,,,,,,,,,,,,,,,,,,,,,,,,,,,,,,,,,,,,,
1197,Switzerland,2018,,,,,,,,,,,,,,,,,,,,,,,,,,,,,,,,,,,,,
1198,Turkey,2018,,,,,,,,,,,,,,,,,,,,,,,,,,,,,,,,,,,,,
1199,United Kingdom,2018,,,,,,,,,,,,,,,,,,,,,,,,,,,,,,,,,,,,,
1200,United States,2018,,,,,,,,,,,,,,,,,,,,,,,,,,,,,,,,,,,,,
1201,Chile,2018,,,,,,,,,,,,,,,,,,,,,,,,,,,,,,,,,,,,,
1202,Argentina,2018,,,,,,,,,,,,,,,,,,,,,,,,,,,,,,,,,,,,,
1203,Bosnia-Herzegovina,2018,,,,,,,,,,,,,,,,,,,,,,,,,,,,,,,,,,,,,
1204,Israel,2018,,,,,,,,,,,,,,,,,,,,,,,,,,,,,,,,,,,,,
1205,Kazakhstan,2018,,,,,,,,,,,,,,,,,,,,,,,,,,,,,,,,,,,,,
1206,Liechtenstein,2018,,,,,,,,,,,,,,,,,,,,,,,,,,,,,,,,,,,,,
1207,North Macedonia,2018,,,,,,,,,,,,,,,,,,,,,,,,,,,,,,,,,,,,,
1208,Ukraine,2018,,,,,,,,,,,,,,,,,,,,,,,,,,,,,,,,,,,,,
1209,Uzbekistan,2018,,,,,,,,,,,,,,,,,,,,,,,,,,,,,,,,,,,,,
1210,"""Montenegro, Republic of""",2018,,,,,,,,,,,,,,,,,,,,,,,,,,,,,,,,,,,,,
1211,"""Serbia, Republic of""",2018,,,,,,,,,,,,,,,,,,,,,,,,,,,,,,,,,,,,,
1212,Colombia,2018,,,,,,,,,,,,,,,,,,,,,,,,,,,,,,,,,,,,,
1213,Serbia,2018,,,,,,,,,,,,,,,,,,,,,,,,,,,,,,,,,,,,,
1214, United Kingdom,2018,,,,,,,,,,,,,,,,,,,,,,,,,,,,,,,,,,,,,
1215,Northern Ireland,2018,,,,,,,,,,,,,,,,,,,,,,,,,,,,,,,,,,,,,
1216,Albania,2019,,,,,,,,,,,,,,,,,,,,,,,,,,,,,,,,,,,,,
1217,Armenia,2019,,,,,,,,,,,,,,,,,,,,,,,,,,,,,,,,,,,,,
1218,Australia,2019,,,,,,,,,,,,,,,,,,,,,,,,,,,,,,,,,,,,,
1219,Austria,2019,,,,,,,,,,,,,,,,,,,,,,,,,,,,,,,,,,,,,
1220,Azerbaijan,2019,,,,,,,,,,,,,,,,,,,,,,,,,,,,,,,,,,,,,
1221,Belarus,2019,,,,,,,,,,,,,,,,,,,,,,,,,,,,,,,,,,,,,
1222,Belgium,2019,,,,,,,,,,,,,,,,,,,,,,,,,,,,,,,,,,,,,
1223,Bulgaria,2019,,,,,,,,,,,,,,,,,,,,,,,,,,,,,,,,,,,,,
1224,Canada,2019,,,,,,,,,,,,,,,,,,,,,,,,,,,,,,,,,,,,,
1225,China,2019,,,,,,,,,,,,,,,,,,,,,,,,,,,,,,,,,,,,,
1226,Croatia,2019,,,,,,,,,,,,,,,,,,,,,,,,,,,,,,,,,,,,,
1227,Czech Republic,2019,,,,,,,,,,,,,,,,,,,,,,,,,,,,,,,,,,,,,
1228,Denmark,2019,,,,,,,,,,,,,,,,,,,,,,,,,,,,,,,,,,,,,
1229,Estonia,2019,,,,,,,,,,,,,,,,,,,,,,,,,,,,,,,,,,,,,
1230,Finland,2019,,,,,,,,,,,,,,,,,,,,,,,,,,,,,,,,,,,,,
1231,France,2019,,,,,,,,,,,,,,,,,,,,,,,,,,,,,,,,,,,,,
1232,Georgia,2019,,,,,,,,,,,,,,,,,,,,,,,,,,,,,,,,,,,,,
1233,Germany,2019,,,,,,,,,,,,,,,,,,,,,,,,,,,,,,,,,,,,,
1234,Greece,2019,,,,,,,,,,,,,,,,,,,,,,,,,,,,,,,,,,,,,
1235,Hungary,2019,,,,,,,,,,,,,,,,,,,,,,,,,,,,,,,,,,,,,
1236,Iceland,2019,,,,,,,,,,,,,,,,,,,,,,,,,,,,,,,,,,,,,
1237,India,2019,,,,,,,,,,,,,,,,,,,,,,,,,,,,,,,,,,,,,
1238,Ireland,2019,,,,,,,,,,,,,,,,,,,,,,,,,,,,,,,,,,,,,
1239,Italy,2019,,,,,,,,,,,,,,,,,,,,,,,,,,,,,,,,,,,,,
1240,Japan,2019,,,,,,,,,,,,,,,,,,,,,,,,,,,,,,,,,,,,,
1241,Korea,2019,,,,,,,,,,,,,,,,,,,,,,,,,,,,,,,,,,,,,
1242,Latvia,2019,,,,,,,,,,,,,,,,,,,,,,,,,,,,,,,,,,,,,
1243,Lithuania,2019,,,,,,,,,,,,,,,,,,,,,,,,,,,,,,,,,,,,,
1244,Luxembourg,2019,,,,,,,,,,,,,,,,,,,,,,,,,,,,,,,,,,,,,
1245,Malta,2019,,,,,,,,,,,,,,,,,,,,,,,,,,,,,,,,,,,,,
1246,Mexico,2019,,,,,,,,,,,,,,,,,,,,,,,,,,,,,,,,,,,,,
1247,Moldova,2019,,,,,,,,,,,,,,,,,,,,,,,,,,,,,,,,,,,,,
1248,"Montenegro, Republic of",2019,,,,,,,,,,,,,,,,,,,,,,,,,,,,,,,,,,,,,
1249,Netherlands,2019,,,,,,,,,,,,,,,,,,,,,,,,,,,,,,,,,,,,,
1250,New Zealand,2019,,,,,,,,,,,,,,,,,,,,,,,,,,,,,,,,,,,,,
1251,Norway,2019,,,,,,,,,,,,,,,,,,,,,,,,,,,,,,,,,,,,,
1252,Poland,2019,,,,,,,,,,,,,,,,,,,,,,,,,,,,,,,,,,,,,
1253,Portugal,2019,,,,,,,,,,,,,,,,,,,,,,,,,,,,,,,,,,,,,
1254,Romania,2019,,,,,,,,,,,,,,,,,,,,,,,,,,,,,,,,,,,,,
1255,Russian Federation,2019,,,,,,,,,,,,,,,,,,,,,,,,,,,,,,,,,,,,,
1256,"Serbia, Republic of",2019,,,,,,,,,,,,,,,,,,,,,,,,,,,,,,,,,,,,,
1257,Slovak Republic,2019,,,,,,,,,,,,,,,,,,,,,,,,,,,,,,,,,,,,,
1258,Slovenia,2019,,,,,,,,,,,,,,,,,,,,,,,,,,,,,,,,,,,,,
1259,Spain,2019,,,,,,,,,,,,,,,,,,,,,,,,,,,,,,,,,,,,,
1260,Sweden,2019,,,,,,,,,,,,,,,,,,,,,,,,,,,,,,,,,,,,,
1261,Switzerland,2019,,,,,,,,,,,,,,,,,,,,,,,,,,,,,,,,,,,,,
1262,Turkey,2019,,,,,,,,,,,,,,,,,,,,,,,,,,,,,,,,,,,,,
1263,United Kingdom,2019,,,,,,,,,,,,,,,,,,,,,,,,,,,,,,,,,,,,,
1264,United States,2019,,,,,,,,,,,,,,,,,,,,,,,,,,,,,,,,,,,,,
1265,Chile,2019,,,,,,,,,,,,,,,,,,,,,,,,,,,,,,,,,,,,,
1266,Argentina,2019,,,,,,,,,,,,,,,,,,,,,,,,,,,,,,,,,,,,,
1267,Bosnia-Herzegovina,2019,,,,,,,,,,,,,,,,,,,,,,,,,,,,,,,,,,,,,
1268,Israel,2019,,,,,,,,,,,,,,,,,,,,,,,,,,,,,,,,,,,,,
1269,Kazakhstan,2019,,,,,,,,,,,,,,,,,,,,,,,,,,,,,,,,,,,,,
1270,Liechtenstein,2019,,,,,,,,,,,,,,,,,,,,,,,,,,,,,,,,,,,,,
1271,North Macedonia,2019,,,,,,,,,,,,,,,,,,,,,,,,,,,,,,,,,,,,,
1272,Ukraine,2019,,,,,,,,,,,,,,,,,,,,,,,,,,,,,,,,,,,,,
1273,Uzbekistan,2019,,,,,,,,,,,,,,,,,,,,,,,,,,,,,,,,,,,,,
1274,"""Montenegro, Republic of""",2019,,,,,,,,,,,,,,,,,,,,,,,,,,,,,,,,,,,,,
1275,"""Serbia, Republic of""",2019,,,,,,,,,,,,,,,,,,,,,,,,,,,,,,,,,,,,,
1276,Colombia,2019,,,,,,,,,,,,,,,,,,,,,,,,,,,,,,,,,,,,,
1277,Serbia,2019,,,,,,,,,,,,,,,,,,,,,,,,,,,,,,,,,,,,,
1278, United Kingdom,2019,,,,,,,,,,,,,,,,,,,,,,,,,,,,,,,,,,,,,
1279,Northern Ireland,2019,,,,,,,,,,,,,,,,,,,,,,,,,,,,,,,,,,,,,
1280,Albania,2020,,,,,,,,,,,,,,,,,,,,,,,,,,,,,,,,,,,,,
1281,Armenia,2020,,,,,,,,,,,,,,,,,,,,,,,,,,,,,,,,,,,,,
1282,Australia,2020,,,,,,,,,,,,,,,,,,,,,,,,,,,,,,,,,,,,,
1283,Austria,2020,,,,,,,,,,,,,,,,,,,,,,,,,,,,,,,,,,,,,
1284,Azerbaijan,2020,,,,,,,,,,,,,,,,,,,,,,,,,,,,,,,,,,,,,
1285,Belarus,2020,,,,,,,,,,,,,,,,,,,,,,,,,,,,,,,,,,,,,
1286,Belgium,2020,,,,,,,,,,,,,,,,,,,,,,,,,,,,,,,,,,,,,
1287,Bulgaria,2020,,,,,,,,,,,,,,,,,,,,,,,,,,,,,,,,,,,,,
1288,Canada,2020,,,,,,,,,,,,,,,,,,,,,,,,,,,,,,,,,,,,,
1289,China,2020,,,,,,,,,,,,,,,,,,,,,,,,,,,,,,,,,,,,,
1290,Croatia,2020,,,,,,,,,,,,,,,,,,,,,,,,,,,,,,,,,,,,,
1291,Czech Republic,2020,,,,,,,,,,,,,,,,,,,,,,,,,,,,,,,,,,,,,
1292,Denmark,2020,,,,,,,,,,,,,,,,,,,,,,,,,,,,,,,,,,,,,
1293,Estonia,2020,,,,,,,,,,,,,,,,,,,,,,,,,,,,,,,,,,,,,
1294,Finland,2020,,,,,,,,,,,,,,,,,,,,,,,,,,,,,,,,,,,,,
1295,France,2020,,,,,,,,,,,,,,,,,,,,,,,,,,,,,,,,,,,,,
1296,Georgia,2020,,,,,,,,,,,,,,,,,,,,,,,,,,,,,,,,,,,,,
1297,Germany,2020,,,,,,,,,,,,,,,,,,,,,,,,,,,,,,,,,,,,,
1298,Greece,2020,,,,,,,,,,,,,,,,,,,,,,,,,,,,,,,,,,,,,
1299,Hungary,2020,,,,,,,,,,,,,,,,,,,,,,,,,,,,,,,,,,,,,
1300,Iceland,2020,,,,,,,,,,,,,,,,,,,,,,,,,,,,,,,,,,,,,
1301,India,2020,,,,,,,,,,,,,,,,,,,,,,,,,,,,,,,,,,,,,
1302,Ireland,2020,,,,,,,,,,,,,,,,,,,,,,,,,,,,,,,,,,,,,
1303,Italy,2020,,,,,,,,,,,,,,,,,,,,,,,,,,,,,,,,,,,,,
1304,Japan,2020,,,,,,,,,,,,,,,,,,,,,,,,,,,,,,,,,,,,,
1305,Korea,2020,,,,,,,,,,,,,,,,,,,,,,,,,,,,,,,,,,,,,
1306,Latvia,2020,,,,,,,,,,,,,,,,,,,,,,,,,,,,,,,,,,,,,
1307,Lithuania,2020,,,,,,,,,,,,,,,,,,,,,,,,,,,,,,,,,,,,,
1308,Luxembourg,2020,,,,,,,,,,,,,,,,,,,,,,,,,,,,,,,,,,,,,
1309,Malta,2020,,,,,,,,,,,,,,,,,,,,,,,,,,,,,,,,,,,,,
1310,Mexico,2020,,,,,,,,,,,,,,,,,,,,,,,,,,,,,,,,,,,,,
1311,Moldova,2020,,,,,,,,,,,,,,,,,,,,,,,,,,,,,,,,,,,,,
1312,"Montenegro, Republic of",2020,,,,,,,,,,,,,,,,,,,,,,,,,,,,,,,,,,,,,
1313,Netherlands,2020,,,,,,,,,,,,,,,,,,,,,,,,,,,,,,,,,,,,,
1314,New Zealand,2020,,,,,,,,,,,,,,,,,,,,,,,,,,,,,,,,,,,,,
1315,Norway,2020,,,,,,,,,,,,,,,,,,,,,,,,,,,,,,,,,,,,,
1316,Poland,2020,,,,,,,,,,,,,,,,,,,,,,,,,,,,,,,,,,,,,
1317,Portugal,2020,,,,,,,,,,,,,,,,,,,,,,,,,,,,,,,,,,,,,
1318,Romania,2020,,,,,,,,,,,,,,,,,,,,,,,,,,,,,,,,,,,,,
1319,Russian Federation,2020,,,,,,,,,,,,,,,,,,,,,,,,,,,,,,,,,,,,,
1320,"Serbia, Republic of",2020,,,,,,,,,,,,,,,,,,,,,,,,,,,,,,,,,,,,,
1321,Slovak Republic,2020,,,,,,,,,,,,,,,,,,,,,,,,,,,,,,,,,,,,,
1322,Slovenia,2020,,,,,,,,,,,,,,,,,,,,,,,,,,,,,,,,,,,,,
1323,Spain,2020,,,,,,,,,,,,,,,,,,,,,,,,,,,,,,,,,,,,,
1324,Sweden,2020,,,,,,,,,,,,,,,,,,,,,,,,,,,,,,,,,,,,,
1325,Switzerland,2020,,,,,,,,,,,,,,,,,,,,,,,,,,,,,,,,,,,,,
1326,Turkey,2020,,,,,,,,,,,,,,,,,,,,,,,,,,,,,,,,,,,,,
1327,United Kingdom,2020,,,,,,,,,,,,,,,,,,,,,,,,,,,,,,,,,,,,,
1328,United States,2020,,,,,,,,,,,,,,,,,,,,,,,,,,,,,,,,,,,,,
1329,Chile,2020,,,,,,,,,,,,,,,,,,,,,,,,,,,,,,,,,,,,,
1330,Argentina,2020,,,,,,,,,,,,,,,,,,,,,,,,,,,,,,,,,,,,,
1331,Bosnia-Herzegovina,2020,,,,,,,,,,,,,,,,,,,,,,,,,,,,,,,,,,,,,
1332,Israel,2020,,,,,,,,,,,,,,,,,,,,,,,,,,,,,,,,,,,,,
1333,Kazakhstan,2020,,,,,,,,,,,,,,,,,,,,,,,,,,,,,,,,,,,,,
1334,Liechtenstein,2020,,,,,,,,,,,,,,,,,,,,,,,,,,,,,,,,,,,,,
1335,North Macedonia,2020,,,,,,,,,,,,,,,,,,,,,,,,,,,,,,,,,,,,,
1336,Ukraine,2020,,,,,,,,,,,,,,,,,,,,,,,,,,,,,,,,,,,,,
1337,Uzbekistan,2020,,,,,,,,,,,,,,,,,,,,,,,,,,,,,,,,,,,,,
1338,"""Montenegro, Republic of""",2020,,,,,,,,,,,,,,,,,,,,,,,,,,,,,,,,,,,,,
1339,"""Serbia, Republic of""",2020,,,,,,,,,,,,,,,,,,,,,,,,,,,,,,,,,,,,,
1340,Colombia,2020,,,,,,,,,,,,,,,,,,,,,,,,,,,,,,,,,,,,,
1341,Serbia,2020,,,,,,,,,,,,,,,,,,,,,,,,,,,,,,,,,,,,,
1342, United Kingdom,2020,,,,,,,,,,,,,,,,,,,,,,,,,,,,,,,,,,,,,
1343,Northern Ireland,2020,,,,,,,,,,,,,,,,,,,,,,,,,,,,,,,,,,,,,
